EDGAR Country Code,Country,1970,1971,1972,1973,1974,1975,1976,1977,1978,1979,1980,1981,1982,1983,1984,1985,1986,1987,1988,1989,1990,1991,1992,1993,1994,1995,1996,1997,1998,1999,2000,2001,2002,2003,2004,2005,2006,2007,2008,2009,2010,2011,2012,2013,2014,2015,2016,2017,2018,2019,2020,2021,2022,2023,2024
ABW,Aruba,0.03696955952074,0.041825239947248,0.05270835173768,0.057704308956039,0.056999429876631,0.071134018675684,0.070200481700066,0.081045396590921,0.085917158385903,0.089932496376556,0.093911555955102,0.097115004332474,0.096201439852056,0.098959970520229,0.11357401341471,0.11920755325898,0.12892179542649,0.1438383473145,0.1579957812775,0.21321751304707,0.22031767789303,0.246857486759,0.27200113256349,0.27355913981285,0.30906805266266,0.33872213189626,0.22957569135176,0.36872148363358,0.37776044262632,0.38273508173098,0.34803314619048,0.3510933622658,0.37648610365328,0.42681025852753,0.44115869321368,0.47827319877944,0.48773812420836,0.52282749914674,0.51530151916293,0.5507351851186,0.5289147747881,0.34091756471299,0.40571470348903,0.44053677564782,0.46992312834595,0.49151642823956,0.5150733614816,0.49668832510882,0.49496691759112,0.54001348922373,0.51908072717292,0.53833479944398,0.56749202966932,0.56950278847654,0.58871640278437
AFG,Afghanistan,15.299964082877,15.221080237672,13.278752228032,13.972048751738,15.242001770298,15.968871855733,16.124560870271,16.187782745786,15.833413130475,15.72380999277,15.648481416315,15.817483173777,15.812028744929,15.768510061069,14.699664948606,14.619474652269,12.949953768559,12.818525408874,13.085317642136,12.681892476042,12.931551907152,13.0139590178,12.065810261226,12.186092408755,12.247310633368,12.463462990516,13.735236089893,14.79739853187,15.647833388965,16.508477865401,14.36494047162,12.628446199973,15.22857195038,15.857564956621,15.993336269049,16.14491309459,16.338498178131,17.511647293268,20.859991932454,23.862502192454,27.768531219617,31.898807267665,29.759348225404,28.131944212952,28.354538031038,28.09308461619,27.164741407716,30.474594817225,31.935810418147,32.43616844578,32.400167958631,32.835845915722,31.91213908326,32.4351067419,33.034840089668
AGO,Angola,18.834350180053,18.721849826047,21.316779023183,22.878757106008,23.586100826654,22.421772222226,18.464447177816,23.132615150596,25.307983693772,25.833948102705,26.308006948534,24.9016624945,27.276839606073,28.851607324561,29.283552364935,31.64680164623,32.949494486126,34.668891374537,36.42461418409,37.309137628742,34.084534207584,33.399062463992,32.6614331455,36.630457421049,47.405674117287,54.625322823444,65.542517901029,67.282006905759,73.101045088935,73.837685792027,68.933003919726,67.211380261429,64.921622157878,65.375925232362,70.639252424552,68.698807817794,61.220942950481,59.728509631686,63.036149427156,64.538423691257,71.664962622102,70.561935977477,72.492007002206,77.026251777733,78.997615616043,83.536857859532,80.62550776334,75.433642680212,70.465116025569,71.208749443621,63.159221101756,66.601919421159,68.035237043701,68.280785052324,69.922938779033
AIA,Anguilla,0.0033975206072446,0.003447974068279,0.0035945835007911,0.0034804554737549,0.0037706817072,0.004050929789713,0.0039204643855029,0.004052564500436,0.0044495516984036,0.0047824950800024,0.0060333775877467,0.0083154744806432,0.0087525643097403,0.0077708147636304,0.0074530740761538,0.0052310942472122,0.0047389966360477,0.0078415553513109,0.0075600325676872,0.0079628460787143,0.0079697804930574,0.0095251596272412,0.0098964069971744,0.012027199350268,0.015335163432849,0.018773384899565,0.018620669716419,0.015908512270304,0.014769405094532,0.014082324491738,0.01788997799324,0.018437401879825,0.013278011326023,0.016661254167253,0.016071790095026,0.016328907231431,0.015512027314156,0.01506413999675,0.018104828438473,0.023189188167567,0.027190600881657,0.029273999145927,0.029319386547653,0.031312684926867,0.031292951744315,0.031417667438233,0.03181268102582,0.032560698188558,0.031682045383717,0.031036684467285,0.026124833006615,0.025313813010737,0.025155856380511,0.025157583778709,0.026035166405695
AIR,International Aviation,172.47801580991,172.46544671828,182.45982552657,190.29691479618,183.16210607023,177.1658343679,177.48307819842,193.59336651057,200.75019354587,207.53394813694,206.39357716268,205.57533586859,213.0557901704,214.94739923655,222.9847775086,229.08377063347,251.59985310978,265.98130911063,281.00743604534,295.12339582504,264.25668447704,257.13893563724,265.69654312255,270.89859408591,284.81687911951,295.64907021944,307.73357073825,322.56785468302,333.35150347321,347.52293619549,360.03745404435,353.82378968504,374.40667380989,372.28841261156,408.43537910648,434.71749753074,450.18298125884,465.3297605454,472.53514833205,449.6296157452,475.33423488585,488.25415434494,490.41729214884,498.90038438712,513.85705595312,543.59604084607,567.90592565966,597.7333715362,623.93239847463,633.21705347498,299.63633431364,330.74840748504,477.75147795964,578.33073647746,622.334162079
ALB,Albania,8.2309013782583,8.1826065309111,9.1151453410062,8.5953852829861,8.8659598954009,9.0471113702343,9.6586633486555,10.216358036622,11.240298116591,12.396616786123,12.578299855091,11.619556401783,12.264404009617,13.114930847646,13.428857862665,12.991776086364,13.216371630849,13.503803153082,13.399219876201,13.313284408518,11.498360472506,9.0525853792467,6.1713509264972,6.2093331132208,6.9072590996723,6.5494096708288,6.2823866226607,5.5292235829981,5.7888930010116,6.9985296022561,7.1976816905021,7.3853745388141,8.0069214744988,8.195193892095,8.4032652571337,7.9928831795349,8.0376910968768,7.9927804202399,7.7800718045485,7.7631700125032,8.0714879880719,8.5046158779579,8.1771543499761,8.4377162678676,8.9187607426059,8.7633432036849,8.3753887273751,9.1946570256507,9.191052348976,8.666245019669,7.9971952854319,8.4962829093712,7.6976185509826,7.2612471504801,7.1243105671217
ANT,Curaçao,15.07502611497,15.075833531431,14.652024309843,16.202904861149,14.668967087429,10.582464525703,11.256721231434,11.392973622239,9.6800372927617,9.5753811572272,9.0845264500638,8.4201075527439,7.6430591822289,7.1771268419065,7.0013289792823,4.6862653683326,4.474399004972,4.1537184995945,3.6458455866317,3.1335719743553,2.8440708178238,2.9467087818929,3.0806151716391,2.5576695145967,2.8659633732424,2.8727152719324,2.9027217544292,5.5237336210845,5.712968863836,5.6638057995268,5.8861424369801,5.8853413593818,5.6254343217576,5.6363745444351,5.8551906979961,6.1380761277358,5.9961158288398,6.483448643498,6.4160381604317,6.0842401627396,4.4403869372282,5.7135142519207,5.8003136240628,5.3301914308806,5.8713775695455,5.9369467262092,5.1617289447695,4.161296735615,3.3689648128614,2.6105129067609,2.1936295977255,2.3337414590687,2.4101833527464,2.4044571947322,2.4926653897091
ARE,United Arab Emirates,29.772724712117,35.818424158716,39.481944594093,50.687408416058,52.212710603362,53.081229552734,64.346586703677,65.392842333725,70.912594685163,56.386016771071,58.818566909076,53.927974092378,51.923382082013,49.799319505035,63.011667195982,65.14751563746,65.140594641843,68.730057526574,68.144866045498,77.133195236662,79.503672398918,87.88721719092,87.420938999746,94.052920285092,98.940663766675,103.98452467605,109.08385700967,110.86928855437,111.93719231514,114.68855924095,117.22602166017,129.74346713382,131.31441845415,139.41055000609,146.05180828036,155.51923290448,162.32498210109,172.83580578118,200.39141813479,201.4993130935,209.69325990118,217.38200154843,226.7172740012,238.5774506472,242.04974213197,254.20725548047,262.18945675797,254.2672090996,238.77950243206,251.89382791671,249.74903598251,255.3524567284,255.59272957856,254.30732072143,264.1483737417
ARG,Argentina,219.21390453776,222.45663518861,229.45163059467,237.34248724262,237.65775851249,238.17304847235,246.59469820565,257.13517088771,249.82518974752,255.67988578956,251.05589691492,245.25326587012,242.02525752296,248.11449413766,249.34105385443,240.93734803168,246.74146441886,250.85546355139,259.32664136893,258.51075951609,253.06522146757,256.9098521839,258.91468123194,260.77742710194,266.29932071482,269.11983443616,276.37382208733,281.28568712145,285.1706680227,291.77016398143,288.44532743907,285.50069655993,284.54133535089,305.89949656291,324.6532995456,329.38456757398,342.68152704837,354.36305793046,357.01589729525,333.4521471041,337.31050946061,343.82549654953,351.325161647,360.02368212078,359.81270629699,366.04081420398,369.18272108148,372.69642735553,372.51051459041,369.60200289539,354.15827230152,371.31818034915,383.5353557076,377.67454464453,374.34460684858
ARM,Armenia,12.65996279803,12.821225568588,13.627031629655,14.656715551793,15.676470868356,16.932560615161,17.368689451222,17.966635576593,18.653523463776,19.305247149897,20.42429598525,20.861259253194,21.444297953741,21.510319914412,21.555064574902,21.612983150588,21.844787102104,22.096893025559,22.025992060558,21.634014337678,24.306832334558,24.869458844378,14.0199011444,7.6785633721258,5.2809225985126,5.960355588289,5.001173987177,5.702818897737,5.7266425678223,5.3527584366019,5.8624767057011,5.9983794418202,5.5471873248885,5.9939654232972,6.4778987621579,7.22003180908,7.18926183286,8.1343789849869,8.6113741149986,7.3395963175701,7.0714426791935,7.6980368916612,8.5676428946668,8.6110695948695,8.9684956588992,8.8965283311445,8.7313130572345,8.9353274636354,9.0795484439027,9.5602776177122,10.28177646652,10.908034824019,11.221545290367,10.725980572744,10.780575284995
ATG,Antigua and Barbuda,0.15870698345692,0.16519267823261,0.18622562665901,0.18780436281981,0.17375397963571,0.19834187047379,0.18636093994366,0.20030133675069,0.20528710045565,0.21072653587923,0.2141356806244,0.1974583572259,0.23136896602185,0.1679923270961,0.1874022209156,0.19161514932803,0.19756304613926,0.23303856433153,0.24459228326152,0.24431006248012,0.24662032986846,0.24825501810854,0.24995845737009,0.24708373338191,0.26374733746308,0.27279360511108,0.27128978971261,0.28311963141196,0.28869955280911,0.29223153089096,0.22542416170431,0.22287634600222,0.24070309409146,0.25508573842032,0.25875799261609,0.26519152520914,0.28869655200843,0.30700016378066,0.3227411578867,0.35736821254483,0.34738744250501,0.27968214037708,0.29398703258385,0.32736605908619,0.34774555825121,0.35929734203255,0.38416016361128,0.3461337803687,0.35569091905981,0.40990747243611,0.39310344165528,0.39907232418691,0.41119534532045,0.41508311176289,0.42685099843391
AUS,Australia,315.67047762393,321.95287688559,334.10900752959,341.39326889185,355.86277452432,365.18799158116,368.281167815,374.81166064544,365.74205125789,369.74971369167,376.85463269353,380.09605535593,388.58802289465,376.04716722033,390.32641686408,403.35708574792,408.6140189778,419.1159162527,429.70916874346,451.01028856473,460.69991121873,463.50767747339,465.52361344306,470.05982406849,474.14605631753,482.2439360232,495.3143152131,508.10791338902,529.15686284128,535.80850518779,545.7081563403,555.24698943247,564.95228992365,553.80864331105,575.6458189302,577.2283023703,584.42883934315,592.23531046011,590.4227159003,597.63173305717,598.75253711609,610.73500026582,614.85106164754,604.92496641787,597.20025034585,600.75015979938,595.96812484303,612.94252351322,608.06561376246,605.15397736552,579.54744945301,576.18905701419,571.78075901171,587.51310255114,591.45396067192
AUT,Austria,71.600929431814,74.756629646309,76.959566285279,80.722512906016,78.48430076392,75.959941643993,81.413283821649,78.809775897991,80.822173833009,83.513603259505,81.639101643432,77.96374261759,75.79462662581,75.668016868935,78.136384180967,79.520470113019,77.951596481841,78.109788255135,76.930743190531,76.216188459814,80.177473147603,84.425637658903,78.958630264187,78.957073739824,79.396019930528,82.278583704992,86.278729406278,85.490649603425,85.618574675879,83.55817602723,83.681447056724,88.575865769381,90.362865145808,95.153160788905,95.934273345782,96.426707087273,93.988559264152,91.004822399421,90.597590132794,82.997006593206,89.121049972085,87.329958577193,83.977444652649,84.490327154482,80.820636868119,82.26171288877,82.700769000088,84.857673908439,81.792608228701,83.134227923679,76.972656221693,80.078093887628,76.079223287114,71.596342390156,70.999903509698
AZE,Azerbaijan,32.540808660027,32.882048637825,34.727283689114,37.141717054703,39.594698916532,42.361053174538,43.477241726432,44.804300933543,46.928439059885,48.480608198058,50.646925878427,51.895784698396,52.777358821835,53.806054766235,54.731391590533,55.577247984845,56.645981890689,57.721872857029,57.533399874343,57.607420152324,67.67339457151,65.863291776718,55.329235455359,49.015304760348,43.498253191519,42.671108442448,37.268979452994,36.555210831592,36.984582901395,37.96156907826,39.687771799907,39.027722930733,38.874515763668,41.690140689862,41.665368722754,44.539416467196,46.218149758188,46.628332996815,51.141854431772,45.504918688916,44.48502821178,46.923786694465,50.028597303283,51.262495538053,53.094151315178,52.971488415917,52.698744335705,52.425939852341,53.136455410568,55.943296378449,54.333823357534,56.596086854995,59.236259541654,60.991823697597,58.279785322645
BDI,Burundi,2.1208085974765,2.1155866336832,2.2126975323061,2.2664552096881,2.2883165550341,2.3712188261809,2.3847946328006,2.3960620023353,2.4284996034042,2.5045907094245,2.2635931119648,2.0636159282476,2.1080909543777,2.1489869236286,2.2279435230693,2.1818709583326,2.3675678113807,2.3997945871001,2.5369323687616,2.5707944127654,3.0464737799258,3.1795238187961,3.1340186934979,3.1875498542606,3.1624766743917,3.2862672715459,3.3931076910576,3.445779639213,3.4263538423356,2.9863360502626,3.0518117524204,3.0341287794939,3.0029571955494,3.0436387587801,3.195369879333,3.3102253239455,3.5148837768241,3.7863113796794,3.7713400874834,4.0097086203476,4.3631004268381,4.6339210948771,4.6310599788445,5.7504980097421,5.7038426100427,5.6911532065326,6.0258659005015,6.7135389540461,7.0172793172276,6.7573856666908,6.7616793169036,7.9047153881196,7.7098607100523,8.1871617238876,8.4217240098523
BEL,Belgium,167.27001402758,157.67267362443,169.1694106864,174.98691591433,175.31042782824,155.87494873299,165.27897964004,163.9738670097,168.23526986799,177.54016089536,166.85376627798,155.20826183003,146.89631059874,137.59621916453,141.69904207206,139.14838499269,138.85395063453,137.93732365044,138.32934724386,139.19796637431,140.57279755613,144.63163794374,142.36448475965,140.41528359665,147.69568571506,148.70713102795,154.24492831629,150.6860817469,154.40923031293,150.47986813257,151.90659418171,152.15828303563,144.52462699628,148.30472238908,147.11966450835,143.91548087625,140.46892930192,137.89501151747,139.58554027039,132.05216790435,140.49500561619,129.90501177248,128.05885380979,129.23146934623,122.51203155875,127.19241434933,126.1031205245,124.08057711915,124.6967165339,124.39261191808,115.67212252909,119.52141780107,111.98838236631,107.22626360404,107.82402021199
BEN,Benin,2.5175710856722,2.4564321604165,2.662177655117,2.803692657869,2.7795167208599,2.9656068512381,2.8280934705472,2.9466036536769,3.0420735592414,3.1623107294807,3.3198629008088,3.5123505276572,3.7425291823755,3.676190948875,3.7661305619338,3.983854702749,3.7203448562144,3.6962150864619,3.6633829331909,3.6601173205427,3.8389069287347,3.9303686040486,4.0351544547861,4.0559626187516,4.3888421366336,4.16916797666,5.1115057673477,5.3911024380487,5.4082514920571,5.7546627416414,5.9744833621231,6.505452817921,6.955437172497,7.3192359028033,7.6367678553836,8.0821333654428,9.3405608142395,10.051853933632,10.163393023881,10.688803133621,11.548751093892,11.643952559085,11.591279292659,12.313743837679,12.941472116405,13.499583759925,15.17497138726,15.519991761275,16.930608348221,17.138117495656,17.664303213584,16.185292329311,17.053138688302,17.353939838087,17.767052694653
BFA,Burkina Faso,6.3086482245265,6.3415496455831,6.0051847671468,5.7151643423396,5.8735563119685,6.0382925609094,6.2096179749538,6.3738316446275,6.6135327945274,6.916216758674,7.1198113580961,7.4129023825007,7.7990159121824,8.0542615603842,8.2606503948633,9.1837220549835,9.5373780528114,9.9016421044645,10.202715466586,10.443709569794,11.306678982842,11.89766481828,12.022042787142,12.314434109332,12.706132607728,13.128336459124,13.543326249187,14.036166948443,14.45689242844,13.841970539368,14.1809705691,15.852935979338,16.240777264529,19.548610269781,19.809262840751,20.476723435691,20.953179043135,21.823115116808,22.970249252495,23.475468423366,24.323587397167,24.990540899531,25.954513565974,26.970503110511,27.292332949981,29.009977351585,29.87290023867,30.999998718028,32.602615316954,33.774748066878,30.195243999549,35.436888043558,35.742635183246,34.592117105478,34.917746360625
BGD,Bangladesh,51.004771408105,49.791091108629,50.536296140552,51.016212335379,51.50918617373,54.3686858642,55.19508946116,56.807555496952,60.916170534403,63.550828382558,56.776195103567,57.731388084142,59.782033525922,60.12287653256,61.336816600501,63.639753539258,66.17338680356,67.764333192461,69.949207720216,73.356285114544,74.874467468176,74.986186338695,77.649121313064,79.414773335606,82.339462607146,88.460176518068,89.971750141757,92.516602602441,93.61626546527,98.303566683486,100.35259674761,106.95225301032,110.02427627957,112.99362144608,115.58669580632,119.67306757523,124.19894758876,128.73064441462,135.77094764098,140.71325935395,148.33055185486,153.31061476031,158.70518141398,161.79844031997,168.31196590247,177.46228473433,186.20981415314,195.4505584334,200.53895831822,205.74436622847,202.74290375336,219.36498332053,222.97935593664,215.83365300259,220.82672080545
BGR,Bulgaria,89.319116437517,89.864609333813,92.777998357989,93.897256126308,94.785388766509,101.28262742387,102.12832121476,105.09791624974,111.25421097973,115.21345139817,118.71731762427,115.10659580894,117.14296850389,116.04421646888,114.02342631075,115.49233946235,116.51997189433,116.58927220072,115.87966009911,113.96969465144,100.75461748544,83.494249140519,78.704466602053,77.435046277965,73.898104407857,74.819724355451,75.420079087769,72.520172092791,69.56598711922,62.506705441765,60.864563261271,62.849972301778,59.561280619477,65.69688784226,64.062472790019,64.977377364672,66.251875674929,70.034193530343,66.924755692547,58.664133277253,61.639710296362,67.301944242538,62.435322578005,57.046422115546,60.525743948467,62.718580296611,60.308891699671,62.568289887658,59.359613111776,57.793553510028,52.582537944264,59.171939452796,62.743196861313,49.664665669557,46.676574364022
BHR,Bahrain,18.659700115292,18.82090393627,19.676312027383,20.961716662609,22.47907416603,20.210925250247,21.142972418801,24.099307775919,23.87627244437,24.692229627773,24.552228290899,24.729766503501,24.85477396028,24.550029577582,24.689711837867,25.34072175349,27.714586170347,27.112463901972,28.099370894967,28.332419282518,29.066502077522,28.615987799907,32.82740079098,34.9309502628,34.877314321574,34.738466108421,36.057599460142,33.451560966546,34.971411205155,37.028651606319,37.586490340719,38.609688481391,38.113018034645,37.759711148252,37.69489601664,41.152325342781,42.769667814562,43.879910096195,47.369200041008,47.952160317787,48.294225450841,48.662514821549,52.425621784877,56.994919369767,58.815698080059,59.005311102471,59.239528442802,59.075912746387,59.128788872265,63.037208581836,63.246346657119,63.506174391957,64.91335029678,64.902212992832,64.422177089661
BHS,Bahamas,1.5597417919067,1.5942515660109,1.8594717559921,1.8560463805486,1.6383320197271,1.6794200176932,1.5033018973421,1.6578375445103,1.6819937127668,1.7312744901804,1.7096539562196,1.5286655897459,1.2868759522364,0.99397237317522,0.98457725957779,0.89653664088083,0.93630146008846,1.0782303202364,1.1027994332429,1.2645965522124,1.3071590941675,1.2020510332634,1.0671124002548,1.0945773565735,1.1946635008371,1.3566082958912,1.4963662013467,1.5107811447172,1.7118477766277,1.56270776355,1.2584175477869,1.2590662054754,1.3598983721659,1.0811094638073,1.1552052835517,1.1453281715915,1.3885591927671,1.6169034409311,1.6691067074005,1.4365083752577,1.5927715968166,1.1705058759569,1.3374978304451,1.4200715959485,1.4666480921653,1.4538505207747,1.5845632487264,1.721603635957,1.553922765175,1.8063857177591,1.5307314713295,1.8152164012946,1.7800257524139,1.7890647430399,1.8438726177365
BIH,Bosnia and Herzegovina,16.133522654711,16.487652860238,16.120350394209,17.340963233022,18.74150013886,19.299306405069,19.288073213234,19.864863281679,20.663389972831,21.394445536314,20.796402495856,22.88628176621,23.918459224694,25.359432354174,26.412857910771,27.483272662115,28.336874949668,26.780043827947,27.001012744591,27.303066978851,32.871805828757,29.791128528921,22.876343856871,19.568356185569,6.5514378035656,6.5649420101024,7.2585651582852,12.559628403773,15.718776628003,16.143184797418,19.867544185565,19.405127608551,20.50384524908,20.920765514351,22.433762281932,23.181145522991,25.355918228407,26.612745242481,28.07494678231,27.860500477702,28.409020352206,31.696360368184,29.639329544899,29.402945873915,27.885981291524,27.846371118654,31.252501916794,31.852241974498,32.255901890459,30.552975378733,30.474856360556,30.351713528234,30.0732974993,28.199449532339,27.626664266922
BLR,Belarus,94.138294928958,95.321841512568,100.43142750005,107.37343810789,114.21052108376,120.48557939807,124.24917896355,127.4336407022,131.62979538122,135.17645450395,138.73917059441,140.47586150657,141.3571729074,142.54170402836,142.43587978324,142.59699110636,143.04204200695,143.92805378822,141.73816770166,138.49799318935,144.97128431405,140.09172869923,128.47001603598,114.3185662637,100.76199394951,92.071885242951,91.931730693969,91.917232799773,90.292019697665,87.73983769752,84.980255321756,83.599152599353,83.451780802703,83.825460790579,87.235783400446,87.962431115115,90.829136427768,89.579345377436,96.342708069759,93.483943325791,98.522142268855,96.136354068603,97.816119377749,98.195728847844,97.473913701615,92.587981004122,91.703380233599,93.459125691843,96.677538745184,94.428171211498,91.71811316281,91.891571065497,89.203033970223,86.933053671496,87.491361226524
BLZ,Belize,0.24145996175844,0.25590432091314,0.27365538143576,0.2802583371827,0.28187491313082,0.29963668369009,0.29426267162169,0.31002046464247,0.31406574624626,0.31572085556753,0.31918484085409,0.31538415147839,0.31575081302821,0.34097470144292,0.33258574736498,0.33099909085874,0.3580059986934,0.34531042205498,0.33687653004687,0.37736543877826,0.43739248341154,0.45533642586669,0.45441303372053,0.43387124744185,0.43713371531318,0.4193044584482,0.40156006726717,0.49571463233564,0.51639027304628,0.53590405708766,0.47111145343819,0.49274045902232,0.50545047533012,0.53461731512597,0.51392792933231,0.5377011276251,0.63153339493291,0.65947876720019,0.67127095476251,0.72925506778734,0.77092961121977,0.74141000934586,0.71632886097896,0.78082158300657,0.73660972093513,0.79041943456353,0.81471928552655,0.85625791909773,0.8568755851237,0.99106396768016,0.91754012846781,0.94225127144978,0.9733959035653,1.0011666940305,1.0346841172425
BMU,Bermuda,0.16078634542961,0.16241208782925,0.19328254466839,0.19467932453152,0.17538954084281,0.20839276273301,0.19117860076031,0.20915566491742,0.20937571602169,0.20767702447379,0.2061696257349,0.17919719171703,0.17796698179399,0.18354779736057,0.19690232906215,0.19249008670959,0.18884571724133,0.27613929857641,0.32035716269533,0.39323806888516,0.28193737347009,0.25679680600553,0.2078912078851,0.22934016804073,0.22746558437083,0.22862766553574,0.23260382250208,0.23841221294521,0.24379580810821,0.24684269691666,0.1775697980107,0.17602967648245,0.19320824428924,0.19884569693163,0.2008548330664,0.21427194600719,0.26097162388715,0.30754324761194,0.30944344386871,0.27348542658665,0.33890710916938,0.17968456468111,0.20431424158067,0.22475059339902,0.30078115079467,0.2585776585229,0.34106247303125,0.31407936122507,0.32899126289323,0.33002360875592,0.23998145548339,0.27075122681624,0.28368499610795,0.29678539652536,0.30567723229762
BOL,Bolivia,26.788216341566,27.835308578226,32.473957332153,34.048260508671,33.856510706768,32.581663134938,33.948465029719,31.689369245866,32.807832219682,30.787525973142,30.10270591187,27.910190607999,29.249589687876,30.134390824326,28.39286690925,28.634667237335,26.340419867693,27.459432974357,28.188064882806,29.830515324861,29.429901070996,31.311671938476,32.628468225918,34.94655055531,37.034286235284,29.438460297917,29.461187277001,33.889093191156,31.393902251988,30.55092665037,29.995323468541,28.588179012108,29.755529624401,30.782079442664,32.109386144058,32.704651159511,33.837754554091,35.846935616622,37.058308305556,38.458757388099,41.820609205103,42.677327164238,44.506838713507,46.311532987302,47.367151862129,48.384075897101,50.110860789723,50.772904349726,51.474005514947,52.395667511837,49.243059468713,53.385624564763,55.432030608113,57.212834838355,63.757197635886
BRA,Brazil,336.3371151625,342.4555643199,363.45367068783,390.3688089653,417.56903856204,439.39466884008,474.9801134628,492.90922665663,506.69881960625,530.30618550953,557.59191860853,543.51513480941,551.02651476558,546.61132737655,567.56535591008,586.49211240671,618.19006762175,634.84090165901,650.31353279452,660.05901493082,649.23598635773,676.33697298533,697.80573925836,723.73534087751,752.79566901867,789.78055991847,794.46382460052,818.73155607501,833.857714515,849.05362054094,870.33407681088,882.10051670947,904.52604445741,934.41984185592,983.41868069267,1000.6448674827,1004.579138526,1024.210210615,1057.6067051268,1032.2057891079,1110.0270883422,1146.6495469864,1180.0087898784,1215.9430902852,1248.6092966895,1233.2232042414,1208.3075995997,1219.2388585129,1195.9213743544,1200.3060407939,1196.0099876051,1277.1870414328,1278.5421699747,1297.1707496717,1299.1802084395
BRB,Barbados,0.60528100168508,0.61392372726718,0.66691138440269,0.67569119354817,0.63178312398553,0.67931199629711,0.65446977710873,0.70752075958096,0.71124590943622,0.71479405758855,0.72634851945497,0.71164121917549,0.69362364448807,0.70401965083189,0.70230618201321,0.76412487744706,0.79358032454623,0.75039646079995,0.76182607354121,0.84128977382352,0.85618008858399,0.82757413384727,0.81562718359515,0.77680839654407,0.76476756553828,0.77664771025518,0.76982156646641,0.86661808464573,0.93318410678869,0.96717758079746,0.83928519986541,0.80107819789073,0.82920815499527,0.85834463091944,0.85295699414237,0.86662049255795,0.90414402290359,0.87236578131461,0.99404032373918,1.0034051968744,1.0212373111947,0.88002187609841,0.83988299992872,0.92401986660053,0.86085576003012,0.91260360904892,0.96737267819955,0.87778558288832,0.97655819864781,1.0672491327361,0.86547721575829,0.85113582309136,0.89075734817446,0.88888011823082,0.91205446117052
BRN,Brunei,2.7141917560586,2.5590491606768,3.1319275972085,3.9503067802133,4.1135445915188,4.264845371468,5.0253804840245,5.2053799321406,5.3182599607774,5.1211962137668,5.9958105371054,4.9441907151899,5.2910768010275,5.680294997023,5.4988560368249,5.3619728362913,5.1511835974118,5.1837659701352,5.4975529382187,5.4492496283178,5.8516262194088,6.3736318715397,6.5871515993414,6.9063025018158,7.0391996269609,7.3244191481436,7.6928905571273,8.2021411498673,7.6705112038063,8.1543171263092,8.4861697885941,8.7297945204979,7.8976741551786,8.9121171793105,8.41028880675,8.0908404123945,11.323594218671,10.808777023866,12.90579008751,11.018418032499,9.9790501373019,10.677933448945,10.34150204035,10.278764994167,10.487161680063,9.7772350496438,10.185274821718,10.182884741014,10.411959012167,10.082144992559,12.755638930939,12.534260682919,11.906791577557,12.061242736152,11.865488060786
BTN,Bhutan,0.53398416048459,0.54417261566477,0.55788803141061,0.57036598303069,0.58381977557959,0.59373419352196,0.61097618583299,0.62741154680083,0.65132693784697,0.66897532103659,0.68520528844847,0.72677258157328,0.75355786897649,0.7825794348592,0.80206949530247,0.84112600761518,0.85369032739994,0.92311653437652,0.90321623691971,0.91568677534366,1.1310568648078,1.0252444276168,0.99116664537391,1.0221256250778,1.0953561133814,1.252343775177,1.2771953467188,1.2916888842049,1.3132400652761,1.3451159194603,1.3503547850293,1.3646594638368,1.4037827891931,1.435564566026,1.4476521843018,1.5783549246954,1.6645112934498,1.6866103278566,1.727774975537,1.8856401245988,2.0083165869506,2.2328330262851,2.1786220891032,2.296131423682,2.3412318564088,2.5308824273815,2.6836480389136,2.769377591623,3.0685515740842,3.115900869274,2.7174092379235,2.8540981472597,2.7995287317068,2.7927123378223,2.8063179135888
BWA,Botswana,3.4085559787568,3.5347974897661,4.1077267379426,4.3366364469159,4.9297773605094,5.495554728441,6.3214822907672,6.871503303737,6.6264926079361,6.7095552335774,6.9173182143733,7.1610467495907,7.3742680243085,7.0974850289852,6.8471270449634,6.5383416138205,6.7108016343599,6.8317893970008,7.8606187900471,8.363134773529,9.2706297352561,8.2817370793455,8.5290092604475,8.3561338686462,8.4096799038081,9.4412473650765,8.5657680580932,8.7969224865945,9.6446059003088,10.345312416886,10.949601272516,10.247112327652,10.038683735674,9.4688385651937,9.4273404929408,10.135533403516,10.019284655047,10.19765810362,10.896960604478,10.274069440103,10.65108545623,11.328507390456,9.9088327935629,11.812689826852,12.854809703841,13.198307421464,12.378407040793,12.84337752044,13.753052821302,12.420453340138,10.95154740553,12.256474398378,12.532074498997,12.607696837403,12.097729590747
CAF,Central African Republic,1.5719649547902,1.6455426779772,1.7389619881497,1.8214121394602,1.9205730565965,1.9744071629809,2.0527716654882,2.2129616365287,2.4436798256627,3.0375372440862,3.2357885087988,3.3596176295204,6.5553633246414,6.6780405214444,6.247178835524,6.4192098236865,6.9705722086198,6.8454489470537,6.6491651170841,7.4406053228508,7.6006664883438,8.1008555382259,8.082018052998,7.5409715227386,8.1913913873872,8.4009136700076,8.7379149098445,7.8481367612955,9.1633119426036,8.9679424705329,9.1683034691285,9.6033498524625,8.5607624036959,9.6962928942938,9.0428230019391,9.752543339927,9.8164221174915,10.858212742374,10.892409025044,10.251402448648,10.922752712108,11.843823589634,11.578664220742,11.525476602297,11.456124918385,11.878578041951,12.649902076815,12.141511966398,12.469420330272,12.274546364393,12.602897457649,12.756293249512,13.078996465871,12.777664749913,13.444289575371
CAN,Canada,473.65057119626,483.22686638546,505.11614480856,532.73844908909,541.57370850606,526.6556640524,538.07709634219,559.14549937366,565.93765680553,580.51421719832,585.66359763327,565.92179062832,547.19930834601,548.81460838046,570.49270436344,566.40660730095,553.19043892752,569.61763039591,604.15429436063,626.75892576294,590.51561252222,586.09227195866,602.67662222867,607.86395391777,633.89562117524,649.80849241041,667.76040064692,681.39044718473,690.85131634766,701.35205814641,724.38900676769,715.45804527003,737.71922747112,757.21962987757,745.88439063277,767.17294137536,763.16157371932,784.75105186479,760.7636664819,720.439799182,741.34005452078,758.56296529785,754.66539323911,765.4783478238,776.27389200964,768.75448920582,765.24495954731,785.92463434561,809.05959365771,805.49962381971,728.511226705,742.93013429329,761.36260620929,755.23925203285,768.05892108106
CHE,Switzerland and Liechtenstein,50.602874934767,52.459065571965,53.208763435043,57.183001990938,52.533686152489,50.010250366812,51.890208366237,52.402726641808,53.70426821115,52.508153959317,53.33307797344,50.692306193669,48.373196302692,52.530737893287,52.090381416112,55.2185244407,55.126048201899,53.31682888077,53.190730497207,53.023159346957,53.974391400279,56.386876194621,56.143046218292,53.602703537481,52.63094356206,53.435079189589,54.022162041238,52.584751628375,54.132421411543,54.274840467567,53.516290026226,55.025343067098,53.390153514826,54.643261801085,55.228616400265,55.928590261555,55.264341360577,53.239083428981,54.821662020374,53.349211823832,55.136216487828,51.125541151671,52.487791073157,53.746214458908,50.090764211503,49.448320710527,49.949194207208,49.042535887092,47.752476452981,47.555392173302,45.172527532167,46.919912321765,43.68577646591,42.874886975355,42.992440730259
CHL,Chile,48.907857702215,50.939882533141,53.495472031368,52.566741660881,50.864613899721,47.624946288516,47.652945554487,45.51078545568,46.065206603387,48.786264801081,51.354046773818,50.779235448787,47.044399687985,46.905235418295,47.91249793432,45.750388602694,45.505977042265,46.001550433037,49.926217787561,55.232213019857,54.782460600564,53.334380411142,55.169696386697,57.666071338813,61.416300855778,66.522316829439,73.656482327682,80.358554464649,80.940076397333,84.37402839049,80.963598749094,79.237910145394,79.796138801282,81.960810841378,87.434592096553,88.087176798786,89.455777471636,98.218349129403,102.60009674557,98.962704778091,101.60410261281,112.20788122907,116.22959764827,118.72584631688,110.95091917502,116.64241676846,121.92107158082,124.59915002215,126.78671818273,133.29766366996,126.15609430078,127.20985080964,129.52820065792,116.83740980471,118.1208787777
CHN,China,1714.4214043698,1747.0062208942,1825.1622184254,1880.9337882913,1901.6714721629,2089.2453817414,2151.9246302762,2337.5533879962,2548.3540029768,2606.6059710854,2584.9434708148,2564.3295267068,2662.9985983308,2781.8180856832,2972.9750938418,2990.5890704901,3132.1613239697,3319.7289112718,3510.8084678487,3634.8486218501,3712.7437376016,3845.508827867,3965.0768260651,4171.7357904588,4354.6010430087,4762.328291788,4771.0043538283,4794.6330043105,4898.2087518264,4850.3923875741,5063.8922004881,5255.0744978104,5584.831119702,6292.8849076484,7131.5342696974,7974.3960493985,8759.3388854779,9356.3433930604,9576.2958707087,10196.872228987,11062.044556854,12056.806000927,12419.566977539,12948.607991222,13095.197441381,12931.041648438,12913.087021679,13160.593470949,13740.929919565,14052.862249565,14230.229554452,14866.493579587,14857.401090352,15411.783436584,15536.12168298
CIV,Côte d’Ivoire,6.0352941826268,6.1638940445354,6.5699121155846,6.7599055284541,6.9690703629579,7.4335025247309,8.0916876967412,8.2713121623943,9.0424214141833,8.9114275037142,8.862462465299,8.9236930310741,9.2783889155042,10.711161439374,10.603066524453,10.521560444076,10.46090932897,10.415793028245,10.369546179035,9.9927799620469,9.9375553996287,10.253780316213,10.387011631576,10.616739890633,11.481084315424,12.089023437801,13.439841448432,14.717517789808,14.496673631662,16.414779434418,16.324105875046,16.53203745338,17.309918134011,15.851384372973,16.658894952666,17.595768421501,17.748174015343,18.159115816998,19.018118364989,18.416821500466,19.820327157725,20.444484581403,23.025069287947,24.339416004428,25.286808791322,26.375052012701,27.502053381712,28.425436451337,27.906539431991,29.810581571347,30.140620788144,35.056125870319,36.520837077694,36.728828389278,38.0266971213
CMR,Cameroon,7.7396761905927,7.7767255335837,7.5669223857512,7.6011611551993,7.7992159411383,8.4768147476178,8.7874872303669,9.7764988658935,10.647083218994,12.904494629747,15.826268344943,18.581843146203,20.423406359084,23.000339947128,25.729205886184,29.939973696775,30.401685481074,30.29805574281,27.775646339836,30.432700338984,30.084819927896,29.300289935223,28.259970771567,27.493230585934,26.68698188012,27.283524019699,28.548150585996,28.043487960695,28.715463507671,29.365155615655,30.692924045612,30.810404952385,29.61255399608,30.355209999191,30.109821076742,30.305190601685,29.593375929285,30.400991232963,30.189855379362,31.069625070866,30.500421389757,30.193393962067,30.969385023518,32.889617505268,35.292466449735,38.553460122724,38.979242762882,37.754640941301,38.16957040827,38.891898755973,39.594725602089,39.836205655317,40.348450612803,40.358043083049,40.621855916018
COD,Democratic Republic of the Congo,9.7211690362357,9.9629084773791,10.243400086672,10.458208349125,10.811502902992,10.974856441809,15.720056894641,15.592771889527,14.917488165539,15.974120889723,15.671337508977,16.169905042697,20.891415978161,22.955811346094,26.285440897513,23.570440407404,24.805955338188,26.057968502723,27.165929920432,24.419262498781,25.332282493472,23.022431242309,23.640967289301,25.475719857821,23.338185918577,23.985552741728,25.085128727228,23.766171446776,24.499508540265,23.934302343397,26.349049001005,24.366935967041,23.23550640607,24.507560953473,25.034610705486,25.669678763557,26.236202531458,27.004448287214,27.682345186735,27.674250156629,28.802807429307,29.878623620886,36.802196998936,38.760122251005,40.734680409619,42.257046658535,42.751251229887,44.424352097502,45.108591846286,46.792635287617,49.627779909128,52.844035735655,55.977968255537,57.201028579943,58.4916909867
COG,Congo,2.4693030156544,2.7484581538431,2.9577972763777,11.465574187619,15.782801750033,10.314196749231,10.308045466573,4.8503756031576,4.4578097713171,4.6081414437411,5.5402444722801,6.5846726587885,7.399902851327,7.5391929384077,9.0336428306886,8.8573408800493,8.7701036266464,9.3947188642626,10.268525006099,10.911888129758,10.902987084142,10.783756291867,10.85850975098,11.196785475014,9.8096151543887,12.133795048027,15.665642700258,16.315447832532,19.579491637801,19.945691904663,21.669680041858,20.209072119711,13.245354844477,14.971799640293,16.161654353087,19.767828986347,21.764295683285,18.708580925426,18.528063702332,20.203369853573,22.004105352944,21.125323114434,20.359624331474,19.778768357845,20.212240246218,20.050350814537,19.751841902108,21.421595710674,25.101548053479,26.268698187585,25.154414606251,23.297999367495,24.421010691158,24.416633406909,24.623026459752
COK,Cook Islands,0.027527577486815,0.027746245629249,0.028179025691289,0.032798212523542,0.039161417281372,0.034439124700891,0.041098333476171,0.041944605777622,0.041901226665623,0.042569347741897,0.044211245659649,0.072348924774877,0.070576873269977,0.069008922182624,0.061650183770167,0.066182465734105,0.046053136387162,0.051370769480411,0.051935264300411,0.050238835100304,0.051927840650382,0.039895438440839,0.057946239906788,0.059697135650504,0.062024912138314,0.057736700876947,0.058570207194068,0.060345172113774,0.062367925488993,0.060820367731381,0.073816523867573,0.073628961312169,0.04589081883241,0.043010391090651,0.062668509127401,0.094920169080512,0.097834008720143,0.08568759740655,0.087527317789641,0.079233874559241,0.096504600218452,0.10715955484262,0.11212062355927,0.11722089490377,0.12420663815353,0.11316963743617,0.11866637862497,0.11366546012703,0.12228239815023,0.12217240784344,0.086325323666681,0.097218247447805,0.10711086297954,0.1075029245548,0.11208129613633
COL,Colombia,82.171727182545,84.949868165843,86.874322318638,88.9806547019,91.664025862505,95.744256196039,99.927388712581,102.3835222463,106.07027579595,106.60672010271,107.55652913072,109.19412833102,111.55188793581,112.75119677967,112.83537404418,114.98488907925,118.01697433995,122.91131364764,124.95514050091,128.87429860029,132.23509654693,133.8009533205,139.08379702623,143.61364599748,144.95811788108,150.11125309013,150.2391618803,157.59248305851,159.55530582154,147.7485525936,153.07252967977,153.85387536346,152.60714098007,153.2679317871,153.866474191,157.56634042269,156.40889510988,161.21390453942,162.34200236275,167.79374482966,173.79823254232,177.25466698152,175.2878486521,185.40222052234,185.35139224063,187.04439301576,190.77260580193,187.12576748371,195.87830528146,201.09332846844,199.64551722584,212.69888567241,209.76076348353,215.47661935261,217.58573010569
COM,Comoros,0.19372576370256,0.19757039512041,0.20035970320908,0.20511886625831,0.21143315493455,0.2165261053089,0.2244090439728,0.2295178638518,0.23513400911042,0.24106470885238,0.24103686184099,0.24013924055521,0.23744190271079,0.23769539555476,0.2389560569782,0.23576952452139,0.22366699931239,0.25701855976612,0.25872846980724,0.26247841694704,0.31172790552095,0.30076628327262,0.29842744155062,0.30445592187065,0.31058931172142,0.32147593971068,0.33204129349577,0.33797555721626,0.35981557463589,0.38603133564123,0.4194010001091,0.42404321199643,0.4358424454761,0.46018104299333,0.479461159043,0.48438212657772,0.51538729660607,0.46508706905412,0.47127224366493,0.50607150145791,0.53504216764884,0.52901780645775,0.54247694514199,0.58196119205338,0.57048257054652,0.59263437725975,0.63249655814867,0.70221153584893,0.65680103504561,0.69216677286988,0.74524135909571,0.87592659441439,0.91950198867091,0.93689596414486,0.94938908784032
CPV,Cabo Verde,0.22829343008487,0.22642992802891,0.22914819025822,0.23096895995853,0.23901291022209,0.24472841439037,0.25266572127108,0.26072671307773,0.2664586183449,0.29771345876094,0.29700267023389,0.29039401742745,0.17365830357271,0.17014462718438,0.18662845713994,0.19281226298286,0.12819783015056,0.154608412181,0.17926221256262,0.19297483445606,0.21566807874607,0.24029081973664,0.2686481470138,0.2718567882994,0.2688676544366,0.29799676722973,0.28626762149085,0.30170940378663,0.32234272816668,0.34235689910065,0.52915666132472,0.56569064602996,0.60616347068201,0.54387642457611,0.5805348356846,0.8030059941697,0.85471192601593,0.94128554791236,0.91721665934203,0.90833615700496,0.95586417948247,1.0802545724533,0.95680288342389,0.94274079880355,0.98928310513318,1.0092450448583,1.055018903092,1.0987161809081,1.003850124488,1.0508936509656,0.84416988593557,0.87258365874284,0.9098127024477,0.88304039943934,0.91256444810314
CRI,Costa Rica,5.9664372282425,6.1096379088658,6.4695326025567,7.010656000133,7.0099902367581,7.3848886310499,7.476022350842,8.2429426700843,8.6632851150302,8.8746183312164,8.7185555581365,8.8168047558977,8.4378153581985,8.7731052149352,8.9707980355682,8.862055992688,8.9361878444627,8.9556232898898,9.0729235180325,9.3715790709345,9.594853169389,9.8803544590681,11.073719778096,11.079818762369,11.499462511323,10.958065414896,10.913964130093,10.931364683699,11.49302981595,11.252743179214,10.988073832694,11.137422024842,11.151765531605,11.584122186409,11.85626567798,12.262374796819,12.83173094579,13.941919016096,14.123072558477,13.948231643614,14.106786414905,14.527613608704,14.128325380875,14.47252405185,14.692409985608,14.490792125701,15.171875426787,15.51893921605,15.998293292845,15.852932488955,14.347653510813,15.427772353322,15.685039253825,16.726718362,17.076872282267
CUB,Cuba,42.484450761779,40.832039977929,39.94252882875,41.792439199737,44.02781500877,45.006123708839,46.913986326451,49.439629474422,52.167971506447,53.207233098882,53.615383173123,54.162171090977,53.52581469158,55.802621853489,58.741845362099,55.972185138839,56.690879838198,59.613364423434,61.298275875092,62.815706363403,59.0317552648,49.708768734819,42.952430625576,39.149082099865,40.149865458931,41.107782665195,43.859734419135,46.362031662252,45.234801019815,45.725691155289,46.02786189535,44.457096434386,43.060714234956,42.151622094824,41.309979603339,41.511861951061,42.843634741321,43.846134967568,43.267656686909,43.749147347546,44.540775216467,44.365676313055,45.492353699521,46.009716039593,44.113426076353,46.213801062955,44.140763213636,43.109804134505,43.453037504848,38.999650523631,34.483964845756,37.742251571502,34.996992806992,35.099949896185,35.985717152786
CYM,Cayman Islands,0.036091552068827,0.038473334285093,0.047158649730118,0.05019108452798,0.0486610919004,0.059315497316883,0.057944044444703,0.065764355036828,0.068687195098718,0.070866976175157,0.073323629652809,0.075168957338082,0.076109022285072,0.085006624885772,0.085080019076402,0.087986788021144,0.096667772562474,0.10736077424225,0.12047714867871,0.12337601444587,0.12979280133436,0.12797066405919,0.13081092094464,0.12234794624184,0.14312310278261,0.14994256617107,0.14944821270638,0.15377676939924,0.1581334059886,0.16064736669969,0.15122822028423,0.15086149390469,0.16386122835437,0.17213691853781,0.16135262196212,0.16918974359186,0.18739608820825,0.23049528895788,0.24913880198647,0.253244048308,0.27345009640092,0.22512857924567,0.21639864424799,0.2427472289965,0.25883105765482,0.2783586792764,0.29148534001544,0.30985491552388,0.33891426825909,0.42541374776828,0.36328229016326,0.34577378708337,0.39121953456236,0.39272670534022,0.40593654355496
CYP,Cyprus,2.9681034088726,3.0130693058363,3.5098099672232,3.6296956887914,2.8886759497232,2.8159461366079,3.2617989165136,3.4448476220867,3.5853569503632,3.782626296865,3.9695897638519,3.8490865900328,3.9392562860539,3.9432756094052,4.0262846302467,3.9871518144926,4.3499878831264,4.944674140716,5.0165440310733,5.2713918862442,5.5814290109518,6.1216259388991,6.5270663420836,6.8144541675767,7.0931876416509,6.9855066380933,7.3822559978121,7.4602744476349,7.7920594402176,8.0719443720069,8.3371228494882,8.2625192946883,8.489635614872,9.1693327489768,9.1238350938336,9.2335410038361,9.3520519019972,9.665153161639,9.8766584416924,9.6836837701103,9.3535098851227,9.1366996066167,8.6039705110521,7.9245811696753,8.3397058689177,8.4064757378929,8.8287000627848,9.0329485599461,8.9344400386437,8.9768700599922,8.6129084147312,8.7563372373692,9.0554263581847,9.10776435639,9.3431805128348
CZE,Czechia,220.09436463309,221.01533705123,221.11566558015,219.3419262041,202.90179221039,210.73342197928,216.59518063371,228.44908704184,226.52639250556,236.92220076714,229.79466908748,230.19270475612,232.15217642209,233.25285465114,236.51898640855,233.32890574228,231.82858889542,231.54468443063,227.65671104453,219.74387670809,199.58164157111,179.99606424781,172.19071337501,165.74691089114,158.00295663289,156.9917974414,162.08669318249,158.49156892908,152.06160720207,144.05647467029,158.1380646175,158.19369502034,152.42682872138,155.50172069869,156.2949694036,153.14573672698,154.85289213496,156.69098392466,150.34017572123,143.23211412531,145.06872256391,142.57957389458,138.26925657633,133.77776472723,131.91134668607,133.52596516873,134.68525768485,135.47861173571,133.85902352583,128.1938797923,118.24765737874,123.5248968198,121.91621526589,108.83311329713,100.3792060908
DEU,Germany,1325.3148454735,1317.7546082779,1341.9600699787,1396.9020315733,1363.1178140737,1298.8183463977,1361.9326602514,1337.8385121504,1379.5641399344,1433.0430014111,1379.3718426017,1342.7340196315,1292.2030402838,1305.5014949773,1322.5721192589,1323.1335421043,1311.8177995751,1300.5715550799,1293.0853694666,1280.5786808683,1235.6328891216,1210.1666848614,1146.5931996048,1132.9111219597,1118.7801797712,1110.4873240762,1137.3093941916,1099.1762885844,1079.0991680329,1037.3483446175,1033.1249977011,1041.65238895,1021.9460653117,1024.375599237,1007.1599480203,980.81668039396,987.456886714,959.37790169002,958.30795510982,892.94034222117,939.30620305091,910.54293550338,921.43537497475,938.53720711025,899.22316491628,904.24434935404,906.92101336254,890.45648529721,859.3059440003,806.04325378077,747.0267869605,773.68859129479,758.38718342957,685.65835961194,674.35832625518
DJI,Djibouti,0.98260560152142,0.99787312938784,1.0035000159599,1.0347254234797,1.1102259422332,1.1692470547358,1.218514854398,1.2965141034156,1.3401997076358,1.4965164851253001,1.5143227067754,1.2718405019204,1.2228687114673,1.1320242395486,1.0416031960407,1.074810106118,1.0711673929846,1.3137583622403,1.2932113660866,1.9938917734713,1.8507067596459,2.1240378894889,1.9615744688695,1.9785423576923,2.010444879316,2.0885754217692,2.155332702136,2.1746995632314,2.2212837115407,2.3255572599156,1.8682117247794,1.881406153964,1.9158219344491,1.9755585185094,1.9559686457189,1.9348616260897,1.9140560615927,1.9505013391647,2.0403928549402,1.9345344057083,2.0146250737883,1.8430952606386,2.0372909254873,2.1360950270709,2.1581433686647,2.0957645073878,2.0777637415243,2.0224005250146,2.0927153223503,2.2215680716459,2.1626205231597,2.2601871389853,2.3451528499679,2.3883531920742,2.4173445719381
DMA,Dominica,0.032204862123168,0.03425813365886,0.036778996242837,0.038117648933364,0.038308704824641,0.04127033060017,0.041685975059629,0.044226204916424,0.045643579596333,0.047173232829798,0.048262484551655,0.053766222361463,0.053867793083735,0.054280255093416,0.0571563805171,0.05961874492527,0.060111572146583,0.071652261727605,0.075583679960805,0.079037169080345,0.079487122613282,0.079253199056108,0.079486513360067,0.097027589695954,0.10977124438813,0.1176427082054,0.12361060983668,0.12136181897477,0.095334330262373,0.12124910791813,0.11390979112552,0.11417021303568,0.1088451457777,0.11622883204337,0.12040055754552,0.11959126603086,0.12355485304691,0.13751805551359,0.13579923343804,0.13760811668736,0.14046517246614,0.12450588486744,0.12009095704615,0.12570862992039,0.13338430054751,0.13882502858544,0.14447312479913,0.13550510335645,0.13791579503061,0.15326241548198,0.14406641809472,0.1437878600291,0.14881881912821,0.14927497543071,0.15235689674337
DNK,Denmark,80.295834677888,75.788000063598,77.451235450876,76.982505151307,71.628661624672,73.320095963959,77.726522944041,81.09656551931,81.042298714923,84.151210113681,84.630870829518,72.463257157491,75.385501994113,73.262637556807,72.312226675584,79.801077957724,80.803750741674,78.316772932763,73.862211328739,68.72711279896,69.021493712442,79.72645302388,73.711689666098,76.310527565977,80.075459879963,77.063978989569,90.523639131502,80.63306384609,76.592075059908,73.52466064989,69.52347417769,71.100208823762,70.265053505683,75.768550386263,69.687659969399,65.970917947487,73.174731407787,68.677066954691,64.976293764322,62.742585173429,63.129205606312,57.817043244082,52.959777871074,54.554243077379,50.384964759007,48.238523329447,49.983956993417,47.703040832768,47.66809862171,44.030439700907,41.874224296563,43.256276246017,41.553504228974,38.946056059571,38.264629313957
DOM,Dominican Republic,8.6468956460242,9.2288550455766,10.575059685547,10.773839686074,11.755641566888,12.25742390156,12.606982398231,13.165084234301,13.157314888639,13.811449438863,14.066585448485,13.483907937641,13.764307072246,15.260349208736,15.588552296729,14.562770372066,15.452615537793,16.879905121409,16.969677833607,18.004073817411,16.654740214747,17.458979752983,18.711162462629,18.777021778794,20.448924559307,21.183341297344,22.386642038361,24.293190209759,26.454709065925,27.060289336558,27.61603923494,28.231433152757,30.623877312107,28.32485590028,27.775044768282,28.967989346391,31.196367198796,32.302439729512,32.561252120288,32.129434492351,33.534093098554,33.900640227145,34.788212466427,34.486938513236,34.999873034485,37.411383373908,38.795050991273,38.038086783672,40.384690768341,43.59509902934,42.512872127351,45.820340978362,48.846827443696,49.801773913648,51.580798483369
DZA,Algeria,56.304942147123,59.69422459941,81.804490214933,94.510852096998,84.231328876865,80.582437624033,94.976919657209,103.38249772793,112.01387977179,113.44893606847,109.09372909219,102.35434896701,105.50356688993,108.09387662255,113.29583423491,124.0419623943,128.88373079833,126.83657009296,126.85243669446,129.77281242491,132.00256031317,132.8174545778,142.90801012631,145.90615835669,144.37055359511,152.52305740485,151.54786154522,142.03939838143,141.16031335447,145.38042007316,153.67618649858,142.93411658996,142.31880278096,155.93634684928,153.91694666628,158.96405194278,167.19788111493,166.84751333041,174.85894715926,170.94136099985,178.73936187176,185.31489956791,201.46905116592,206.29204741005,218.97971297929,228.83340989641,226.68757741776,231.71541868264,240.5805887437,247.08992922285,233.83105005476,245.87622098272,255.86334801048,258.93895957405,252.69999712007
ECU,Ecuador,12.426988006473,11.750488189418,13.403870475065,17.212362231875,18.091525235224,18.677375557516,20.64082084488,22.29598103045,23.84326317019,25.298286849173,26.319574145316,27.978914771825,28.269591780854,27.952233346513,29.937010156524,31.385647893814,32.355757926055,29.240376004288,33.836036325091,33.771233643514,35.325707586534,35.992567921955,38.41182208463,39.344127347237,41.517332532024,44.218853418113,48.558085858461,49.828697086352,47.797708078803,44.33881528488,42.726125848726,46.675447975401,46.875245968848,48.951810611906,52.709456048587,53.567912261366,56.086405125195,56.322024501767,57.915508130651,62.05559740944,66.046757041885,66.623054826297,66.962873941701,70.253571563882,72.194819144033,70.910668059378,70.110174000186,68.626177825459,69.314972972065,69.753591338886,63.962622918768,68.466690751486,70.856512207292,73.199767914986,74.408550594854
EGY,Egypt,59.15851668854,58.562861453182,59.465954268645,56.641655930014,60.988758724618,65.536943737704,73.340410231325,77.011500075394,80.072673499353,84.062650212114,90.221378061589,97.219448141377,103.61738989778,111.32502389279,120.27393945875,125.76478748803,128.44932603905,137.48067758738,139.09242867048,145.35741190139,149.18363561638,159.03244975409,162.02993899396,163.86772946151,159.53387782766,169.66797745516,180.0638789814,187.43755346674,192.16760953463,205.28263580526,205.51787914024,219.47270976881,225.65170456722,230.89764446897,245.70409530388,264.58869984353,276.77986559259,291.11988890522,294.11354333809,301.72063870058,301.70433053404,311.47540406692,326.25029568592,320.18962611841,325.13765840647,331.5431729058,344.76205791414,357.55413930484,352.98561964348,326.42487160026,335.72421813677,352.54795739785,350.40040612342,369.72616918545,386.59822846755
ERI,Eritrea,4.1060279159802,4.1369256835974,4.0877036723904,4.1317788407023,4.0968433852635,4.0061878721665,4.0080814994705,3.9957276554829,4.053521665725,4.1269195066065,4.1785727276791,4.2419591310955,4.2515969025066,4.36785742543,4.2728925437053,4.3783772675671,4.469504568203,4.4277605032822,4.4956231016329,4.6314997445168,4.7043802404753,4.8044294410187,5.0362243639568,4.255754022888,4.4650910566736,4.5882438548974,5.0685083836756,5.4615728253188,5.2094394464491,5.3377860321117,5.4322787810002,5.3509743591597,5.3056699151135,5.4240771020812,5.4954491159115,5.4644897946942,5.3164406501906,5.5336868726869,5.4812842349671,5.5425750623028,5.5367005727963,5.8191661188222,5.8893248157115,5.9200660257489,5.9738002808504,6.0065704152253,6.0938990376548,6.0952208060076,6.2093923470414,6.2722487043714,6.309533273989,6.4029139211978,6.4950197363487,6.5370067416552,6.5792579891564
ESH,Western Sahara,0.22217703694347,0.22535423103095,0.23826661857095,0.24293404848747,0.25308096654575,0.26514798029015,0.27351612974739,0.28495734914912,0.28957523199596,0.30784834688625,0.32715759403947,0.31918237321664,0.33026782007166,0.33431115020082,0.3377178592396,0.35833922080675,0.36770171994741,0.41380751520619,0.40732450992516,0.39895711694942,0.40359729102313,0.44081014854563,0.42391770705074,0.41775006337009,0.42266830446347,0.45198923364612,0.4613069742531,0.4754826186983,0.48345504196603,0.49743704895845,0.56351802919638,0.57944688508306,0.58537338612657,0.60139002950908,0.60931841692275,0.61404570870481,0.61819948339545,0.61646009526975,0.62222016333785,0.62261116898907,0.62208243245747,0.6124722557534,0.61698832395317,0.61858522132356,0.6163942020112,0.62397361911375,0.62841633846976,0.60407284255875,0.61700843591143,0.6326725745174,0.6044407606976,0.65654630985133,0.68790570618044,0.71442591056688,0.7354140234676
ESP,Spain and Andorra,188.71975815621,186.31241979844,199.63998308914,213.98069856388,227.53261584348,233.86496041829,252.61563307283,245.41973272016,246.08977322661,258.8852434679,272.19103208801,277.12158240603,272.92467475576,275.10186081164,265.98390011168,258.8968750472,264.10916715722,262.43638518454,270.19137786841,289.6131858154,294.54700952116,302.75438625285,310.60375541939,296.11122754212,308.87332121829,325.02281463773,317.19300318976,339.83323610402,349.86607117912,374.34805866446,392.44556252028,389.99988220827,408.12961010815,417.12989579631,434.20365269998,448.86069719111,440.45479012335,457.46133513123,422.14643742525,381.98983657454,369.07975209771,368.77555899972,363.88899715107,334.10255856624,332.75152494805,344.15435509669,336.15896244286,350.31640183882,342.65067583147,324.23357178537,283.71126462507,302.67530582376,306.61682413149,286.86512318192,285.63832224712
EST,Estonia,26.16228101646,26.322667599952,28.285441080135,31.676803850701,34.810963637665,37.45826735049,39.10797823998,40.536357311197,42.957306192084,44.486383145074,45.970548593746,47.03906032044,47.234254128885,47.0672307022,46.080040855078,45.305212726662,44.316299685324,43.732259485861,41.727375317949,38.455534345912,45.608799549753,41.932114407096,31.463405105872,26.372420692261,26.650639785368,24.611767366341,25.610869264271,25.142186692924,22.990724728053,21.373189325233,21.761021328867,22.256148478898,21.540281270601,23.564185185335,24.151907959843,24.0825906325,23.417555959401,27.22877979221,25.166603198251,21.817344774443,26.756682191155,26.87632691967,25.853045502817,28.403114191984,27.631832019221,25.91060282734,25.299001451704,26.782138130818,28.544661495782,19.875288235544,16.016245599115,16.718913150154,18.744019475847,14.984304728256,14.129201839084
ETH,Ethiopia,55.658078670685,55.990402266101,55.452896500131,56.014683294274,55.933704495224,54.396982514451,54.228596928703,54.866597288018,55.431401150643,55.942452358414,55.913779130992,56.355588660116,57.416786792127,58.997772190189,57.511248406456,59.89985235485,63.264684504759,61.05781930345,61.920820912525,64.979293202681,66.775771951486,67.666946118862,69.514186397384,64.498409962344,67.107361498283,68.223773324687,71.673398940407,74.060545415968,79.056113045914,79.145390340267,77.080886189159,82.543820596938,90.308590522354,89.589476592291,92.117861058351,95.532477938642,101.34727018402,110.99988510753,116.47153808084,121.15473111707,126.80176958514,126.66539810867,131.86417475024,137.03576216843,143.17328116093,147.71791966517,154.29162113182,157.84142465662,162.68217642057,173.87424962575,181.53339365857,176.96056360398,180.46355443559,188.44693508356,192.70400670949
FIN,Finland,58.243254971867,57.60683534615,61.245264089165,65.616627169733,61.836599306764,61.592241800318,67.498390704365,66.956748092061,74.035498710793,74.213153446237,75.101374637656,65.478336195823,63.537515763388,62.591533602883,62.944674521838,67.071709560964,67.325692192035,72.008451569333,70.533825917715,70.510586746282,73.040685191794,73.417123224698,70.14129390092,71.622526340168,78.66325718081,75.322809864931,81.589630087915,79.632068929728,76.887728885522,76.149720833167,74.687583004506,80.71707814831,83.012541074014,91.622076087921,87.935032111263,75.205857038303,87.463743528624,85.633395273,76.728085512003,73.119751469308,82.938131233895,74.701455276504,68.641860516234,69.564003421873,65.562628801406,61.791193424014,64.607363581884,61.547330137214,62.980313220931,59.607039174265,54.346469827616,55.402597408924,54.091559722637,49.873984130358,48.678995972021
FJI,Fiji,1.3631203257324,1.3852811358887,1.4481682980197,1.6199754485482,1.8414379446806,1.6808479538025,1.6779825444157,1.765251498954,1.7549625073875,1.8865949054362,1.985593919256,2.042013036611,2.0326934902456,1.8391369546782,1.7354297476424,1.8577806593727,1.9172306777525,1.8482794170455,1.8543303841974,1.9960077029426,2.1304314112952,2.0223105203408,2.159959475554,2.315800996494,2.425234420127,2.4637922158782,2.5120847187093,2.5509024122732,2.5183979855635,2.6108289555537,2.786074709956,2.9279102568265,2.6248657662351,2.8551422156179,3.3455000293255,3.0962344153883,3.2404627174598,3.106535403841,2.6754535062788,2.4327510219574,3.0726480037224,2.6149380051818,2.5818898431438,2.7743279133634,2.4793415660363,2.5391100269518,2.5338120219692,2.5377756755107,2.6768943969257,2.7570060463262,2.1479268974257,2.3723391972978,2.5255983677891,2.6489059423742,2.7508988098211
FLK,Falkland Islands,0.15574633778749,0.15639096700922,0.15562328592023,0.14773764769033,0.14896474495921,0.15331677213456,0.15315079878602,0.15211711156475,0.15357455981301,0.1540334067223,0.15426093873531,0.15082526014675,0.15219735980729,0.15396406285572,0.15594659481408,0.158792985652,0.16022376992943,0.15489092342643,0.16124574659454,0.17311663674697,0.16478890148368,0.16293610529753,0.15725524486569,0.15733840166075,0.16127742901556,0.16564433815961,0.15185769072283,0.16217478136192,0.15461573037848,0.15213232472792,0.15472668976172,0.15196111581612,0.15309787905964,0.15546529360044,0.15570526265622,0.15592236292574,0.15898436157535,0.16179970470511,0.16257386112263,0.16418505252093,0.16400366507298,0.16001502336263,0.16083075000872,0.16279994209018,0.16380926826617,0.16431080385852,0.16603117199109,0.16428672603526,0.16149759080494,0.16438176697242,0.16519664060211,0.16800777119728,0.16955147941356,0.17143413695019,0.17289495721293
FRA,France and Monaco,634.00247388345,644.72023346838,661.46841485503,699.0736088841,680.40515973507,638.47886027985,683.17875578282,665.65324400044,683.17961808491,692.00372067333,668.98621630271,617.92002543751,597.7787482746,581.97817738965,569.84011604393,554.19651990019,541.26695324954,531.36885063504,528.39422898577,536.44561861694,530.89995737483,561.69627382559,546.91129334034,524.33864960202,518.61184640588,529.17876884378,547.15462656108,533.36283802943,545.64492601611,538.16586188857,538.06129641246,542.46649469994,536.07928147557,539.64765627094,541.16370652563,541.8791571116,528.19812834364,522.87574586897,515.5236224921,501.29228583724,510.80510358267,493.17144946944,495.35334479169,490.00105394072,455.85409552049,461.67068103406,462.96219484381,465.77039680646,452.3490709987,443.9014209685,401.58636708789,430.87821946809,417.18101989961,390.74290511362,378.12019029289
FRO,Faroes,0.08792297047779,0.087032916257382,0.087961542444031,0.088109466756917,0.088262674370146,0.088219663129642,0.08950103733109,0.089613969529581,0.089391256747931,0.088826376605606,0.088840677211436,0.088618451061067,0.088493401190613,0.08881920401781,0.08894880298247,0.08883566441363,0.088851849835203,0.08942344112845,0.089560571539041,0.08969501903919,0.090076220338839,0.089834235794974,0.08966428060976,0.089799173655919,0.089817238200835,0.089682169727244,0.089641040278941,0.089797897299048,0.089744122205506,0.089922564639056,0.090155397923687,0.090853024055985,0.091053261097338,0.091189161947937,0.091296709849057,0.091151452722208,0.091078390548515,0.091140926676389,0.091027745697085,0.091186514636756,0.091169053906753,0.091495279060995,0.091777235096389,0.091872676916857,0.094211182859237,0.094426104103391,0.094709277887069,0.095113204376033,0.095409323899811,0.095250453040274,0.095788238246676,0.096081678423538,0.095653913170767,0.096459070097079,0.096616747976757
GAB,Gabon,6.8307314180439,7.3508519798119,7.9203753074814,11.874806099941,14.550255588998,16.758356968877,17.623219650449,17.399560659447,17.373415597832,16.475471703238,15.388835143755,14.521903543324,14.891284648107,14.433780650677,15.820438680728,17.091600714769,14.609927149971,13.624219557978,14.238671017676,17.345208134903,20.424204718532,19.600566599256,20.893022179034,21.550584264501,21.094725617885,23.581471612112,26.568680795402,24.535939963669,28.520649235129,27.158211632945,27.948366910268,28.014791821746,27.092750898882,30.188272506924,27.929602651693,26.277553384568,22.636205053566,19.562392378954,21.040694290185,20.463042285145,21.005668170401,20.704050181292,20.592693997833,20.360928639668,20.538764341185,21.399145047559,21.443633629366,19.695807111532,18.344462416214,20.255247302733,20.08623514586,19.169095280259,19.938195052174,21.553322123783,21.781991821997
GBR,United Kingdom,869.87157926265,865.60661705709,845.46636010115,886.36579003795,836.54909906212,825.17654357041,832.34537470811,837.72616102916,835.78176194358,875.8532769947,811.02080813501,790.56356098556,774.04384055847,766.99661739074,722.82894874493,765.22910525523,788.68833796892,788.8466251396,785.76790743715,769.85520497439,778.13109213431,788.37889280674,770.69526693392,750.4328521462,737.40148005675,734.72609942279,755.90600251112,735.47729107984,730.33160710706,717.65521482682,718.07914795242,724.32804200348,705.81749824351,715.57737498106,710.54958683837,703.62845086188,698.53366874399,685.42829391298,663.27729993201,607.93046506858,622.72414088149,578.6500235257799,599.4118244913,585.77844188927,544.70896429334,527.8980282403,502.47847879811,490.83997318668,482.16798168312,464.70900637397,421.54114387014,437.86944037325,423.3671644979,400.60949906759,386.69571660351
GEO,Georgia,29.390795381659,29.368730211602,31.000648875202,32.677737477748,34.151336390602,36.218872604236,36.727609519281,37.084932878469,37.964276266743,39.142617387917,40.030888328616,40.42271198072,39.9709097904,39.386331685686,39.201629603055,38.785732759065,38.425183374186,38.910227589652,38.370558599022,37.153613210866,40.819561484449,32.724829579052,26.866924559168,22.492318105301,16.291752789915,13.746103045328,12.466695060113,11.755474298341,11.14366987178,10.689989983004,11.241373420251,9.6209489640263,9.6896747371026,10.247252580285,10.534202506823,11.151712725524,11.785809176935,12.669212878099,11.780926390563,12.781206061135,12.189638117516,13.624603933813,14.797951959562,15.735138478707,16.534606756413,16.789568496303,17.210260304267,17.287613504044,17.146679470417,17.878982797255,17.527547706749,18.560313848092,19.706446338088,19.652808348284,19.602824699722
GHA,Ghana,6.8451526178007,6.9400586453384,7.3584949038505,7.4971840207808,8.1001434693883,8.1878133822603,8.3100663835251,8.4864256951845,8.2962752300043,8.3808256968173,8.4215983755208,9.0443334551962,8.9632620341134,7.4525352786126,7.9218725616098,8.56219572586,9.1938177961949,9.6438751600918,9.8628010036511,10.55923979597,10.473498857064,10.703971646709,11.249599109276,11.577065564383,11.979671633707,12.390178833486,13.065740970912,13.42182617652,15.154464120761,16.078071211789,15.540592438227,16.155412659287,17.541933641028,17.210550608031,17.119755544369,17.876649692345,19.819738321205,20.373495483676,22.037284140195,23.153297098743,24.49869063993,27.522180908209,30.363766087992,32.470467089069,32.665552722415,33.959980642908,34.630669633928,38.432092841918,40.457490942,42.694728938838,45.700023840003,46.52969894348,46.917918621924,46.82251111631,48.093948904038
GIB,Gibraltar,0.081467146652152,0.082546608975255,0.072507266630239,0.073048035996408,0.073062601944585,0.076223914007751,0.075610838698893,0.072526729769798,0.069364217747535,0.092316629689989,0.10769115146161,0.10123336051683,0.11135428540366,0.10170627271315,0.098372279493334,0.1046507653873,0.13073925690258,0.14254500822238,0.15821467333088,0.15152953493484,0.15786347952746,0.21771583147707,0.25646405212739,0.25962657474854,0.30439757832688,0.29803463244158,0.30433141136547,0.3139148508905,0.32977998522923,0.34243439126617,0.35822428759059,0.36765006765481,0.37400287013317,0.38037110402825,0.41216503226708,0.42480373701896,0.4438396369431,0.44074233328146,0.45010851895735,0.49124005306509,0.4945004770559,0.47876386036431,0.48842493735723,0.52013929439188,0.55824565917471,0.60894196653757,0.63468557271279,0.6729981962104,0.7136762979042,0.74174104397695,0.6624023408873,0.66468647917034,0.65907095264,0.65270141409658,0.65890452694286
GIN,Guinea,4.3246503553354,4.3426727673158,4.4056777810876,4.5305210604007,4.6439166518149,4.7838033973885,4.8458177251601,4.9057105848964,4.9513068088748,5.0800181597494,5.1062308423261,5.1342902867574,5.4162627629469,5.5669725478145,5.5517775563424,5.3816434006813,5.1105861293012,5.7679379499628,5.9841271877837,6.219523329406,6.8976943792273,7.2111553591347,6.763424442983,7.0907514551948,7.5490054916076,7.8087155049863,8.8502690736253,8.16034152374,8.5491650737061,9.7478519167551,10.500149035484,10.772130421229,11.188400137916,11.676275053962,12.093625990889,12.561409220629,13.092197511819,13.562777102181,14.155790568532,14.729940959502,16.597929052953,16.852543663787,17.433164409184,17.899567478583,18.494722129202,19.743246861371,20.959714460468,21.690289033677,23.010293665708,24.910676725913,26.291240552511,27.113104025822,28.636728008435,28.615129628361,29.37591393664
GLP,Guadeloupe,0.4127711637603,0.41984697005671,0.44634399418704,0.45797866974297,0.4397395161614,0.47350305169506,0.47368370129414,0.49403152358297,0.50451655785278,0.50780594279616,0.50558545744491,0.57253551805105,0.61433263161876,0.64994265449803,0.71041994643377,0.69232968730668,0.69111003837199,0.75749167345801,0.83830252265612,0.88686008769856,0.93281486380464,0.98363562951206,0.93205213823949,0.97645153420531,1.0184495849745,0.99847990016174,1.0306253531419,1.0728746479795,1.0827608260692,1.0568645503478,0.87381253054788,0.90229622620955,0.98832804821784,0.98766403253724,0.95451065601421,0.96308375119936,1.0473891253691,1.0943641154843,1.1098879864869,1.1703289556739,1.2969890220666,1.3945815115424,1.393856174981,1.3962914175862,1.400118752103,1.4083138860222,1.4098172735423,1.4091646436549,1.4119334773777,1.410610318618,1.4091955361077,1.40890588922,1.4086142816027,1.4110365749909,1.4489095538072
GMB,The Gambia,0.60523376505665,0.62485939242771,0.62636554496376,0.63129509219642,0.65024799968621,0.66955695579826,0.6641062693579,0.67404913212567,0.70785350249681,0.7243694551591,0.7491550060459,0.7583287024749,0.75573147875302,0.74900286733399,0.7419436104501,0.76691320677303,0.78061249829842,0.87578162915844,0.88996728519414,0.88310559589336,0.92666575031085,0.99434499672901,0.97666840901105,0.98788127969588,1.0302365331759,1.0417780538601,1.0572445327586,1.0588282255745,1.0880220531306,1.1308742586907,1.2472153457182,1.2411166941724,1.2665013738941,1.3922069966239,1.4468675590111,1.481832455776,1.5433799132786,1.5774435111544,1.6545121711177,1.8325351309105,1.8793748019109,1.7368182616706,1.7334969473167,1.8160700884562,1.9296988984077,2.0224918244546,1.9730756909158,1.9154046355384,1.7616974681462,1.8055266717616,1.7470006067931,1.740892650756,1.8162668347012,1.8423963356211,1.8595051534366
GNB,Guinea-Bissau,0.67309763584168,0.67043244174847,0.70388948148592,0.70909130230766,0.76222729809759,0.86646677550684,0.93057217304724,0.94168493471927,0.92200312505928,0.9595648677384,0.9944193287526,1.0832402776288,1.2626533107722,1.2414956396938,1.2673878080778,1.2541363632177,1.2793762628932,1.4027843829236,1.4254668533697,1.5052538368015,1.6513640849889,1.7258836900713,1.7190014014279,1.7522344675656,1.7860807923012,1.8428930498849,1.8646740670364,1.8603996619532,1.871278505537,1.9553955956015,2.0011107372487,1.9677169110374,2.0091610460152,2.0733269017695,2.0942513243911,2.1522309385058,2.2498989631757,2.3590063648182,2.438001272068,2.5747557729583,2.7030972485155,2.7010739172488,2.8103995923871,2.8916818278095,2.7553350068278,2.8965418164514,2.9618657964665,2.8698415402217,2.9733858823659,3.0381219072141,3.0456823396483,3.0879855291269,3.1453610920222,3.1488255053156,3.1886332502392
GNQ,Equatorial Guinea,0.12512401265672,0.12545674146119,0.13148067809513,0.10865669600135,0.11551564529531,0.11899845510305,0.12239483493358,0.12300399372944,0.15904615255554,0.15702924011576,0.16243522123799,0.17324315687351,0.17098807134448,0.14491775615987,0.15683913171337,0.14817293759972,0.15645775295953,0.17740874885136,0.17532135554695,0.1919657814284,0.18519744423433,0.19256068406134,0.19500109311769,0.21298280650886,2.8208673824674,3.2123000853772,5.3322085595558,7.6380687082039,9.4808664449228,10.376611402793,12.066560745934,13.3403215705,10.484416863085,11.723297588526,16.184586405717,15.595021834895,16.94131623078,18.133397924995,16.989691735712,14.346217835844,14.990990674043,15.046624106143,14.843838979168,13.988250110385,14.064652049983,14.281477263562,13.173477496676,11.777839937703,10.649481049105,10.024381031649,9.7695217288281,9.2975215156492,9.1254761127559,7.9746753103412,8.1387019428792
GRC,Greece,44.557516902191,46.131152336475,53.501343104168,56.915913189594,57.109044681667,59.137645495422,64.406322018729,66.639627361416,69.560632736123,72.964824659563,73.174593563499,72.735932218795,74.337167112283,78.00092931721,79.91187272811,83.377661036924,82.931227546854,87.981146122411,92.920435452624,97.545793885226,98.293584841221,98.062244883468,99.944412878824,99.928781839599,102.41649518457,106.703736701,107.58290186903,108.73331479163,112.83080268382,113.91438851989,120.00408930626,120.79539977412,121.3174001882,124.61914440896,124.71294134369,126.78304257858,123.34174152226,127.74550132409,123.23124092324,117.48570108086,110.79493983856,107.93401474088,103.42960741761,95.849567220154,93.022120546515,91.440436998434,89.956677716967,90.425829982722,87.920421049567,82.08057942038,72.283348819195,73.506035167586,74.624308598441,70.597990903103,71.500075445737
GRD,Grenada,0.052309980986094,0.054611251951139,0.054983585018671,0.055756402779536,0.053194456966294,0.054323797843992,0.05536041298202,0.058103353922329,0.059599010129574,0.059114290606793,0.058855581435491,0.063547779986592,0.062514654967843,0.062262723875384,0.063861114147329,0.063105606180756,0.06604981412949,0.072645699815224,0.075753625831847,0.076423731194432,0.092846040633889,0.093310790262506,0.095349456918006,0.10250742825906,0.1134245838124,0.10712369817265,0.11176091470093,0.13704352715527,0.12599676310238,0.12783926496108,0.10373949241089,0.10508029413941,0.11060758238243,0.11786066018003,0.11462202002879,0.12039212369972,0.13074047578572,0.1407764397754,0.14983240749484,0.15731535896207,0.16963369357126,0.14232454645825,0.14564449055796,0.1739722427819,0.16205535814752,0.16980624862551,0.1807162764402,0.18171958942681,0.1983079140503,0.23700689813409,0.21068118374566,0.21837665378787,0.22894437159644,0.23355176439514,0.24099091876012
GRL,Greenland,0.056463308049773,0.057479336115869,0.058592414821288,0.055225016955938,0.056021375329854,0.056285509252907,0.0562787733738,0.054819601315144,0.055708228253768,0.055980637852071,0.056560058364829,0.057856866800592,0.058510817794582,0.058718059658689,0.058814328528442,0.059346662516025,0.05965848005421,0.060087808229502,0.060428339811338,0.060797841615686,0.061139998829006,0.061085517828323,0.06114386303833,0.060972607185614,0.060807544370838,0.060682236039878,0.060571753695725,0.060340996853983,0.0602617318104,0.060064945126567,0.059308122200421,0.059486505769527,0.05934470055349,0.059703211451323,0.6685328146581,0.67555982529203,0.6895594132075,0.68012041404076,0.69732110152205,0.61481251518305,0.70791483447507,0.74843773110905,0.60367893319486,0.60250935313603,0.54541778440308,0.58452606647851,0.58088203172604,0.56808729823343,0.57304010041413,0.58874679915748,0.59199463736207,0.6131665995027,0.65549114524127,0.64998093736356,0.6592546312159
GTM,Guatemala,8.3487949492714,8.7804846441344,9.3819013308135,9.5580693468512,9.4735356628626,9.9036087679152,9.5572216466703,10.451012995609,11.054652975693,11.771466132753,12.253762634257,11.860447801868,11.533621028725,11.402528689909,11.702360214298,12.026267820496,11.700539386885,12.113855172195,12.278511607504,12.703210085125,13.079715030789,13.673003160003,14.833646763316,15.827330349638,16.213633353686,17.43027842054,17.417930461714,18.054511320873,19.967903220795,20.574277067817,21.645232096405,22.524955441538,23.630295892463,23.504151602211,24.331719170281,25.629055657393,26.244292727169,27.318126069056,26.772525428989,28.110611328267,28.210770374138,28.797100478162,29.771353724928,31.448741234843,33.137073687644,36.233923177484,37.841404731601,37.31219861759,39.586914584201,40.973296771467,39.544938559328,42.517373651683,41.487332942942,42.992884634674,43.47216808936
GUF,French Guiana,0.11103931063436,0.11179952826408,0.13132929357099,0.13236254022749,0.11946049586552,0.14107563170778,0.13004647497472,0.14408251496145,0.14632639480282,0.14790907342824,0.14936219714659,0.13894116989349,0.16994120067659,0.21590048366375,0.19003089835541,0.17844523670398,0.22486432572229,0.28263998574381,0.27975588691463,0.31687599475659,0.35989149696467,0.41150969942646,0.34945135339984,0.43143807631431,0.40730508138865,0.45448257333079,0.48131724756721,0.49833887936622,0.54021986452575,0.52842912042442,0.31753790782013,0.29254174147901,0.28069279834009,0.32241452079425,0.32811415661698,0.32963026534016,0.32706952678243,0.34902831137866,0.363698744882,0.4612606276186,0.46276516094263,0.49223258444897,0.50643391754392,0.50662257452061,0.51067305258128,0.51510121956179,0.52704538791121,0.52612140576237,0.53276830746048,0.53843361270084,0.54129003487963,0.55031751838925,0.55493654353918,0.57700856891599,0.58626018667196
GUY,Guyana,3.018331031453,3.0140567426226,2.9602162338802,3.2808016696166,3.2927134147961,3.6703779518985,3.443072791844,3.7139515335956,3.4954944033054,3.1225738791156,3.3303859244148,3.3266668886124,3.1290854937941,2.8535947785326,3.0444415393662,2.9027797209591,2.8519865157841,2.8280091911872,2.8685533195023,2.6503159994385,2.4716634801636,2.6097585208474,2.6620704667805,2.8276938320129,3.1310365331904,3.487360055842,3.5654401218398,3.7648939958322,3.7041305218739,3.7739886410869,3.5131253243005,3.4716207736411,3.3253536085286,3.5310681553059,3.4737716402645,3.1930182725108,3.0168261882857,3.3266491991448,3.4012325791781,3.4889424298743,3.6968769397581,3.8229181934829,4.0428964219292,4.1879991833767,4.4615543286639,4.5595572116418,4.6330604561162,4.787582059359,4.8584424930454,5.1925990535675,6.2555902474765,6.3093527328628,7.790828123826,8.5860349708722,8.7308618260253
HKG,Hong Kong,11.596020955146,11.830869446899,12.168892621246,12.279655780939,13.771732287808,13.71311349052,15.682206883477,17.908009664245,19.069035437914,18.190657297491,18.749446380313,20.000108889422,22.406142830629,25.977297016427,28.516788391164,29.672858319281,33.647239868028,33.708977056241,37.355897867987,38.40457217847,39.245405463861,42.875839503164,47.924876464715,48.944238784148,42.59623335047,43.058884631893,40.469285332521,38.819859156951,47.23597759644,50.413191505013,46.64371393131,46.506729741458,45.522395992679,49.128639706939,45.297976383804,47.62746773727,47.106084902195,49.18641841945,47.918231031844,50.020961804586,47.127416782817,50.16369527867,49.662549852623,51.222430583809,52.649738459969,49.36878369565,50.276421191836,49.415754455673,49.395993075579,48.947764086847,39.598852388009,40.027964213497,37.640804458449,39.730674623127,40.307052043688
HND,Honduras,5.2784774855497,5.3593959124687,5.4892299339238,5.6553124489061,5.8904561218005,6.0909125657075,6.2399633259242,6.4720803170867,6.5835307288366,6.761306483348,6.9727817046409,6.9869352053712,7.0445423853574,8.0940384246642,8.473447972375,8.2406953465725,8.2369390765719,8.419915758766,8.5196567972805,8.6962080967174,8.6065163227787,8.7041280748603,9.052163342947,8.8244587878763,9.6726561245032,10.078979415638,10.414596325738,10.551801879139,11.069997081296,10.529974149207,10.971258299856,12.063801877178,13.288958290302,14.847053333677,15.935165774961,15.082605711397,16.233794634067,17.495048183272,17.803860605115,17.801842396428,17.864216362566,19.119228527757,19.783245965265,20.167837004849,20.133758926244,21.197393265519,20.260564879642,19.763637649026,19.632867596894,21.058504801468,20.405764178954,21.739044156686,22.203752894659,23.782187545514,24.387070793249
HRV,Croatia,22.739102667169,23.462650144283,22.92382394417,24.755463215792,26.711587483808,28.031604632489,27.897612475029,28.227194311739,29.764201610298,30.985785629342,29.218250042114,31.259287511332,32.7227738058,36.569233294745,37.399916061223,38.048107425676,40.559010210548,39.751471371553,42.558385419429,40.709583759272,32.830380813154,25.684502921255,23.446053705977,23.290977691569,22.400981434175,22.904186185308,23.728573692921,25.01320159682,24.909676812611,25.916146895215,25.413553348886,26.473238709636,27.201990790671,28.741110355572,29.222183754625,29.284965578601,29.715120755353,31.259694822245,30.12597619439,28.301257220267,27.834608486704,27.543734945089,25.994737569833,25.586721043693,24.945306750123,25.577708941718,26.112556698967,26.788041290586,25.71167437429,26.010885798774,25.434961931382,25.537988590822,25.394739209385,26.802408502729,26.841829070678
HTI,Haiti,6.1017244909547,6.2386237786762,6.3304175520883,6.3288401697256,6.2966953721979,6.279502094365,6.5527517783488,6.6445576300151,6.8471422412901,6.9242928748703,6.9971159566794,6.9533427106853,7.1567432898995,7.3225958242157,7.3747761906841,7.3421999835354,7.2436145094801,7.2364132876537,7.2562122239939,7.2038906411213,7.2480074501265,7.4469667143423,7.8496811899942,7.5753596448256,7.1304737328531,7.9454761733984,8.2461365649466,8.7468662306606,8.9464098115856,9.1354525101679,9.6479619918594,9.7464609910911,10.057573109273,10.128271178714,10.072996811543,10.260864623263,10.417047178872,10.948283827673,11.061225278697,11.222425114175,11.884969183405,12.439564550833,12.441810919415,12.720479026064,13.025867040233,13.370233451146,13.668704418718,13.692512702701,13.940633553173,13.824833889913,13.514424977128,13.463425490264,13.480523907845,13.615283929323,13.782308697238
HUN,Hungary,91.02587972841,93.304371106553,95.082904090693,100.3294200504,103.17498172442,105.21377601227,109.3677613454,114.23978764459,123.27822250339,122.17841554098,121.085764289,120.131797748,120.70506154994,116.81424494206,118.37978721344,117.43181609953,114.75507687603,116.04311888876,110.71027725354,107.38473145819,96.42908323714,90.443561158215,80.435975493183,81.254230287167,81.061967186708,80.167365462109,82.555791505845,81.168998511384,80.642188210531,81.25292056846,78.393272515636,80.348107780226,78.804106779812,81.730374257112,80.898732061433,81.241107625988,80.318260859842,77.761492447432,75.451738324955,69.262189909401,70.01974209813,69.301360150384,65.548029290291,62.955944280946,63.166935355998,66.107797992116,66.905013501592,69.868850853868,70.111515299536,70.318540602243,68.681043933481,69.944707924055,65.564141388159,60.950215865162,60.452896861118
IDN,Indonesia,135.0523230879,137.87076715914,147.96842031779,161.83926020118,169.33128893703,170.1356072515,180.24960482976,206.48905417599,222.58246766094,230.03431965571,235.12339749901,244.94840405019,238.90795054342,247.32591796987,258.98706478008,266.98919700649,284.11018253045,286.961137354,299.48167033108,311.65643343499,338.04132923022,358.76565021286,377.00251706277,395.72660113302,415.01146131159,445.08278189356,469.83542583619,495.03214165848,493.65911306303,506.82240229855,513.06981650855,536.25540842307,543.44175190567,573.26098512843,585.32825155033,593.16207991714,626.63398268224,650.31569668042,653.17937324306,685.37669882301,722.93817123822,822.62211973126,842.74234836073,808.42252572412,851.91921728964,853.12217073229,851.53114496928,905.88942201568,1002.7634035911,1062.2685236981,1007.1477692835,1037.2806385606,1181.2991970214,1261.3223482049,1323.7779107977
IND,India,733.244111858,739.10238156194,751.02771144805,758.95206480012,780.70949644507,814.21273503222,836.78474524159,858.75495407783,863.22999082788,888.53016335874,921.67455035411,970.87988894933,996.43025511568,1047.3822254901,1101.1984947313,1133.7802396285,1195.6476021066,1231.5535867685,1302.0968859321,1360.5013304768,1353.6525845354,1412.2686495043,1445.5969193112,1478.0869961387,1532.6946541418,1596.657738327,1644.4354480918,1700.9698402876,1731.4028969759,1800.687346802,1835.5596506481,1859.4487113822,1888.1986388943,1938.2256408092,2040.7614930392,2111.742985354,2216.1962446685,2359.3108699666,2486.3896587473,2595.4143582435,2722.6207018817,2858.4621303267,3037.494708205,3074.1389660369,3254.3162782855,3310.4591123421,3353.918433351,3495.5014549791,3634.4228742276,3641.2931605234,3461.0500219037,3719.5631700061,3961.5256127027,4206.3289023798,4371.1693272556
IRL,Ireland,41.315307317162,44.294670311217,44.013683425358,44.587913118465,47.529990843129,46.188311326655,46.452675317087,48.725722131818,48.992281221185,53.435173605177,52.515996811184,51.608745728429,51.505489605839,51.610969516947,51.892248061779,53.606880781909,54.815885884252,56.093206045722,55.288685014039,56.931969368595,58.952016523079,59.624955715919,59.734396593136,60.501027647809,61.998696203385,62.749031868577,64.295604924255,65.762435687343,68.53160424225,70.609946419486,74.361639320672,76.794295149953,75.706811500744,76.085809882075,75.930049476908,77.914797948836,78.350293715941,76.896449613238,76.147365610668,71.245014569147,70.196988731069,65.849949538819,67.241482855288,66.344415675814,66.196923995615,67.78677688447,70.804002894194,69.907300046236,67.20652597676,65.278536733934,62.905568358264,65.100771591606,63.857628940469,60.357963848,59.677828151727
IRN,Iran,218.54579513404,224.4125357815,247.44530032316,287.15250237009,299.24430349973,285.72659261228,319.03793466122,320.85526229329,307.64461697587,248.98074907192,187.38974026689,183.18448565734,229.50876454145,254.01149267064,246.961364889,260.92998020874,245.98215615339,262.41407726358,264.40884437453,294.04484108142,331.28373529116,375.98071580224,400.01500432058,398.49603720931,437.63622952457,438.41435296163,456.78855354732,470.42518969027,455.61788719681,481.54894053437,511.37732437236,516.94830118749,533.27510251147,580.30411789948,607.84900426085,650.68029535148,697.20365700663,721.22306100296,737.02491149674,757.69778073355,767.59970028748,776.16272695583,766.30447831457,786.38155548889,800.22339478507,793.33205184695,837.86147471581,866.98676479924,856.6915693349,891.36420087881,909.93822355484,974.10718858739,989.86456306096,1030.0946943568,1054.7650714871
IRQ,Iraq,103.52089916875,107.70947625799,98.292027715082,123.49009762634,123.4841192331,140.01897458175,156.35062872739,149.76023167183,163.73703096731,212.53924576515,173.73636021321,90.872079689413,94.240102365836,97.688175050752,112.26062783172,129.21120179346,147.27047749458,164.20254847014,195.54098618328,211.84125951068,171.71824072767,78.394927212209,106.60030403926,136.39516554354,148.30373692299,148.39293735963,138.16179860256,177.24830737743,158.93741587251,148.08787774794,167.85136707183,181.67441184005,169.94983584843,152.20099918036,170.86991822996,164.52082692387,164.14687429831,154.43794882856,171.49782000592,187.34403603364,210.53417542787,223.78856728893,253.35312394554,265.303350804,265.47719397937,275.91628760641,325.51203425488,339.86822692955,357.46454717581,377.12664291304,345.61784587306,361.81674610063,399.16746492952,405.17316134328,413.27642108277
ISL,Iceland,3.236833271707,3.3764585857328,3.6827825375327,4.3794468081494,4.3082473399729,4.0442559231651,4.1388087500047,4.2877234247007,4.4139607527499,4.4604658087404,4.2456301843185,4.171957080604,3.867856097844,3.9240187681311,4.2147536828593,4.0249133710856,4.073367206106,4.2099755974307,4.3252005910196,4.4332691652232,4.4134282328309,4.3879912058985,3.3070495123028,3.426407715612,3.5598730361974,3.3793508331249,3.6799098675692,3.6157695424489,3.769978217812,3.8295390546793,3.9380436504812,4.0490813005843,4.2445631731759,4.2177530337632,4.3019046810594,4.2134071826331,4.397429698329,4.7550504389316,5.0503253425538,5.065983445938,5.0003567434968,4.8643118622378,4.8582703025641,4.8976779660303,4.642762446412,4.8384193209061,4.3576764595031,4.5079013474557,4.4755163047497,4.3365123278186,4.2277693901474,4.2603525413214,4.3017230079263,4.2460513453687,4.282410664188
ISR,"Israel and Palestine, State of",72.747694337614,73.027515530242,76.819525665177,77.836306176416,60.951738341173,83.526245319894,23.345268700718,24.202384001182,25.492969681357,25.933147960266,25.840846442087,26.835516349298,27.951044406717,28.939085756345,29.940594735519,31.725908915561,34.154527648064,36.884655470419,39.064724245719,40.418870847018,41.927442665009,42.696495070496,45.495085228953,49.489213665108,53.065440067283,56.484903265031,59.842040684051,61.739691607552,62.880790449276,64.502043946127,69.117069321356,69.223943632103,72.494413368277,74.297063563603,74.140910577772,72.146949938706,75.400996582402,78.02212180729,79.513605808847,77.971964776769,83.724466538497,83.773529901162,90.599892820225,82.035440881896,79.466985421746,82.864284489258,83.245516029008,83.284891712648,79.91487732722,82.374691149732,78.862228928596,78.521246399936,81.863149822537,79.053413464415,76.620732865356
ITA,"Italy, San Marino and the Holy See",386.42014666518,401.6607954339,419.07603667878,443.53983537539,444.53540205975,427.11346382311,456.46032593694,445.6691855231,455.7318589289,472.56608766766,474.73626957387,462.24588856414,453.0174099881,445.94663294821,455.32918343533,456.07393207396,459.21347157782,485.19597074816,486.06587454252,503.41492111385,504.65085234909,501.94442288577,499.68653462403,493.21718668831,488.69397832417,514.63620633638,510.51436170574,514.70068923714,524.16100635571,531.17243127617,538.15506936167,536.35769177722,545.63984724141,566.25481961669,577.00680166437,578.73568693679,567.1625327208,560.65043194971,545.7313409465,494.50555141034,505.56623018924,494.99340565037,476.69476390612,442.74171968541,423.61697002392,433.53352379311,429.22730041134,426.1243807756,421.87332162839,413.49158385845,375.49618539474,408.93194356151,408.06046932401,378.51077162728,371.17171099618
JAM,Jamaica,9.2386752120377,9.2354982821581,9.201212696303,9.7514648718873,10.066767234949,8.6678703601994,7.8350550615951,8.4602241066735,8.6227995462669,8.3439033045101,8.1201821456687,8.0245980023973,7.0724148946589,7.2361914682545,6.8859177833752,6.2354911945439,6.0946321392735,6.2687235365953,6.4807519011023,7.9141388576883,9.2503372135139,9.2255526420295,10.033824173527,10.185305857107,10.235914247873,10.579402999867,10.916360091521,11.102882157681,11.618859268051,11.911618247058,11.979706654709,12.04734949269,12.004618043337,12.366959228487,12.331663377061,12.306623697381,13.714892023594,13.613605050804,11.207959917632,9.361367761075,8.9743761032041,8.9137363379766,8.3325849913982,8.7997102840046,8.5420795770365,8.4176745871491,8.9440054331597,8.6448230503237,10.04982799227,9.7707767013368,7.2194283659381,7.7907192421236,8.8444413161078,9.042432560002,9.4247004126026
JOR,Jordan,3.5652786405694,3.6749921398644,3.2784495446223,3.6453671853845,3.8758442001105,4.1999635063277,4.7888658782903,4.9660333905791,5.8541512609768,6.2547666215341,7.6341708656563,8.7283130740282,9.2444654205617,10.507835990936,11.412357074438,11.764625220424,12.363419827359,13.749893820362,13.441935603455,11.441474900614,12.120928741495,12.435951484492,14.567667293467,15.148412049337,15.680315001376,16.651760053031,17.000347894798,17.550540814689,17.865466814106,18.017705037356,19.704692596681,19.930742073684,20.860061382793,21.521275458754,23.110803135802,24.765442436642,25.141227208611,26.238970309833,25.912517390229,26.435248748774,26.145669098829,26.948637926322,30.741872637414,30.465560213933,32.612161603235,32.653660299517,32.834048425129,34.379197134174,33.372479837837,31.899160684597,29.998694832568,31.30619662874,33.338396510643,34.400684103286,34.855734918746
JPN,Japan,979.60992533582,972.55745818469,1018.1085438196,1133.0410564399,1127.9922293137,1070.9944385581,1107.0126524714,1137.1913628216,1134.3743236127,1161.2865472587,1132.5790611568,1108.2077245974,1066.5500030312,1071.0231479413,1145.4072601228,1118.1813901579,1114.9773688274,1118.9970565213,1194.0144861066,1225.8239346774,1295.84479566,1310.2737498949,1320.9988693178,1317.028946572,1380.2947284209,1399.2975324149,1414.6749284029,1396.8347561213,1342.2102698929,1373.2726991447,1377.7821959912,1356.3729911167,1384.7551643198,1389.219233854,1380.3905606889,1389.6047445189,1359.7126345894,1393.9089779451,1319.3170040102,1250.6456623216,1313.1601674668,1363.1798231598,1401.341790458,1417.7405771639,1366.667423601,1324.4225472395,1320.9354042909,1305.6904106006,1254.5984224506,1215.1408351129,1151.0676584183,1172.1251500133,1142.3046229531,1094.0242506381,1063.3358491923
KAZ,Kazakhstan,262.37854121782,263.15238988815,276.56416514438,292.03670841681,300.86720169567,312.15379902276,320.2895859745,323.3461287157,337.07172519704,341.57162029195,349.41219900956,333.31455824982,323.33128646398,318.31532047308,315.04732548713,303.79260262094,305.38619454215,321.08337610191,328.74281592906,327.70026717406,342.2678911754,348.41236797801,352.78579598883,307.34510901153,273.84482106133,237.16235838971,208.19162814681,181.03560200015,180.59998156603,165.6919687782,172.3084565119,171.7801866794,187.75781626776,207.63154646733,222.28944404849,237.2563538775,263.57288880348,274.77578710752,308.1772160258,283.78722840449,304.01540117296,327.49021389556,322.81884798807,340.36230449663,298.21903096109,262.97362301116,278.61228661202,293.31926855381,298.67947688282,288.1337467533,296.35281873901,315.64381901861,322.93218200325,326.8628859182,330.39334589704
KEN,Kenya,22.934529615747,23.363333388318,24.041721628098,24.421944790482,24.745044530565,24.988018991893,25.370058490314,26.140973346127,27.754594513795,29.544158233129,28.147323980593,27.945506311005,29.647502501216,31.767119673016,33.344205339655,33.270069938939,34.464152386255,34.790354468153,36.621333190117,38.001454278856,38.457802833315,37.604814119819,38.008601249001,38.402446183223,38.949973056254,39.574813600684,38.735683124006,38.654087821445,39.630285343559,42.410810382591,41.383846496355,42.31241214307,44.70826505815,46.040639207268,50.411008733855,52.89814171211,51.632405311357,71.434855182887,76.178892642344,75.153521496533,78.737635252082,79.543619724966,77.936861224796,77.881013527452,79.97004032149,82.133360035474,88.437761221883,85.544513409337,88.435416665973,97.22021474239,108.57715673298,102.16018788218,105.1551493185,100.57605274699,102.83615180704
KGZ,Kyrgyzstan,22.988496206886,23.335202881425,24.483681647493,25.479008805386,26.474383991338,27.734550930754,28.446618796901,29.019207857756,30.156840612226,30.79766890093,32.005057823476,31.037983440523,29.994561807323,28.994637211477,28.207133231131,27.687463764385,27.656433988758,29.512004520972,30.15206492366,30.222518132074,33.367347720174,30.628206677991,22.637308681047,18.251697846505,13.737809772088,10.534409554312,11.339395220717,11.715386363405,12.087487759161,10.931997586739,10.898478054848,10.07893203823,11.167796247028,11.853731964933,11.798246266523,11.894695174066,11.990129572577,13.346050899218,14.739484058268,14.631079858986,14.35762694506,16.402111751967,18.591493939202,18.502124830612,19.400574791578,19.870991348814,19.631048545231,19.996802400195,22.129136443326,21.225753187283,20.399398303507,21.829000950485,21.95345272449,21.717112728515,22.368960993932
KHM,Cambodia,16.429842455472,13.823447808837,11.662111639857,9.2665939904908,7.8776088958125,8.0061644445021,6.9934635656653,6.3675503077719,6.1599784626063,5.6067328832094,7.8467036133871,7.6581791826138,10.110021997147,10.489198140122,9.0108741806483,10.756546013268,11.736456303292,11.546752491664,13.244257628974,14.305767251814,14.577033667942,14.547217280851,14.910332576247,15.367714626429,14.823753490681,19.008997206822,19.146776660568,19.493586018836,19.667684802948,20.370076106533,20.451539233386,21.006011060051,20.892921039702,22.871124558317,22.396902624669,25.148509605244,26.598857804852,27.873430673271,28.792656127188,30.308553439117,30.973314589945,32.1390856483,32.002712166027,31.98329863919,33.402243522516,35.173497553633,37.872399851346,39.820059795979,40.686722132466,44.000723628615,46.956907288888,48.336934193903,47.104215231706,48.981796752506,49.834754915236
KIR,Kiribati,0.027760630733053,0.028338205684809,0.029983016987396,0.034483857804151,0.040362141779469,0.035588294544849,0.03556118777959,0.037290974951381,0.037403157545768,0.039666796200157,0.04215210384182,0.042022058367796,0.041879486684,0.041794902597456,0.026205519203469,0.027868835193169,0.026733183379393,0.031372688541285,0.031735064683985,0.031447095197893,0.033065252403465,0.033504423100184,0.03530805797623,0.035752827922767,0.036508097018341,0.034842961751123,0.035450793175657,0.036368372449074,0.037394631774168,0.03770908825994,0.052160926094565,0.0492790983809,0.064442501745328,0.066335364973674,0.068424377068698,0.084404211229717,0.089469221190868,0.085603157472978,0.093325333765673,0.082944619884345,0.08657430289508,0.082885307032636,0.082376222143534,0.087201692518096,0.088249006668391,0.090657350050254,0.097008548788043,0.098835468176362,0.10632353483783,0.1073814135583,0.10586645224872,0.11376582122559,0.10994547945545,0.11077828774109,0.11518831348837
KNA,Saint Kitts and Nevis,0.058477473070853,0.059891205980985,0.063022628557282,0.062569298088778,0.060868361446805,0.06415401779079,0.064155635650756,0.066442147693934,0.066491905302708,0.066308034131276,0.065477848180695,0.064396631780863,0.063246979543989,0.061412493837889,0.063371385716481,0.062612294056359,0.060174746596548,0.060781364397503,0.06291878940789,0.062313394350612,0.059898255037416,0.066878789638332,0.068204195575284,0.073227742247463,0.079818496464549,0.073510260191118,0.079899646139907,0.083352633780498,0.084013235680116,0.084341481819731,0.094185571101656,0.095701896590935,0.10343942573595,0.10594614089121,0.1124851628441,0.10665294416126,0.11254911435382,0.12120448936452,0.12674101046772,0.13699245527214,0.14536623592477,0.12390974839028,0.11754531337522,0.12883529719275,0.13440193743916,0.14011844061572,0.1497272332469,0.14222959128061,0.15041265303133,0.17057713352102,0.16040195402468,0.1633160949081,0.18413615448157,0.17929183805329,0.18549174311608
KOR,South Korea,91.155740750769,92.176874941876,94.569704486661,111.67596654091,118.33514100962,127.32516999149,137.59030428905,153.66804891808,161.91896477938,179.32703574236,181.04571406276,188.79314025771,188.61093837033,204.41793871647,227.80892023857,238.49182218843,247.75057591488,253.27759058302,279.86755694265,290.42199906235,311.4020943529,346.70337769087,377.49877019305,403.12146260943,433.93693336852,466.40782208731,499.75772340109,527.46155316763,454.98556598034,496.60926566733,530.14498001802,537.29435181494,554.17305005927,560.1427191098,578.45854858913,575.11524430276,583.40056939046,603.97624304572,616.33606736255,621.14247204507,682.95495607095,716.38967362334,715.60233326436,712.96237740006,702.55306728806,714.59376927942,719.52143192105,738.19124358933,754.52225583933,729.06957163628,695.12706346979,719.28057233316,694.87830790562,670.11455551284,668.2452710079
KWT,Kuwait,80.652103774788,83.235322867022,86.66113519082,78.949168394921,66.058911794671,55.879644561252,57.306305113909,54.819195697951,61.50107206869,71.557020936463,58.65382419795,49.8844681906,48.088153334172,54.058323562935,56.368888120095,59.048854743395,65.574946275549,70.778548951529,81.259987257345,94.876040210674,50.554854209396,45.863083783286,45.95093582859,64.309192310003,72.946543832309,70.790823111112,71.270807322282,75.941074285966,77.194301567322,79.342786543157,89.595910760445,91.272907500401,94.617742488506,105.19340914529,110.05422358704,121.80140296451,125.31017177957,121.43700956847,126.24871957469,124.53908305327,126.71196414369,135.48798590069,138.79132960695,140.76500406009,139.44182573789,143.82432975132,149.03977953374,146.70450489189,150.3530105712,148.81552330196,144.05274191367,152.39255940562,159.62280356342,167.88766525722,173.33069669357
LAO,Laos,4.7319954224563,4.5964213996628,4.5342075005511,4.5529290981028,4.6451657241634,4.5220246045836,4.0596232797321,4.2894057645204,4.4673497964896,4.9059229408046,5.4797602230276,5.3633458398027,5.6093860977888,5.4802611475892,5.7501211739966,5.762375070503,5.9188464227583,5.8612445370984,5.8800633682726,6.2291300214471,6.7715166144856,6.7956674507308,7.165417067273,7.2546047039393,7.6685384299309,7.7516003307457,8.0138987434934,8.2463844656581,7.9250145807674,7.8508442711834,8.8954755379079,9.2537883310827,9.5803553627945,9.8747654141568,10.457133066813,10.291893344882,10.846878845942,11.474861237016,12.0019999179,12.989390734877,13.834938813387,13.842735717707,14.839732787382,15.480099282661,16.375217173359,21.37473786183,29.046421064718,32.411607809869,33.114964176001,32.96413206724,33.521800086924,37.853822756302,38.49878485048,41.173200006129,41.549637581744
LBN,Lebanon,6.7265533740455,6.8941555338692,7.4529851452078,8.8942963344767,8.9402729756281,8.0304211129608,7.653334961146,6.8183681066548,8.1037246907619,8.9567582358748,9.1073569463027,9.2318484666203,7.2368730730538,7.6124754659714,7.772262376226,8.7939100667548,9.2111301886965,9.397441069395,7.6203374999227,7.7072124003562,7.7521340839066,9.3702984103652,10.048230475977,13.615514026582,14.782439018179,16.940848165842,17.618113564263,19.176129436474,19.161824816514,19.717755383441,18.17235051526,19.59373727364,19.707368035551,19.959672298877,20.371612789307,20.380893571564,20.033499388488,18.888275982924,22.350346401687,25.778518835734,24.899021125365,25.465967536983,28.230245601569,28.072700433947,30.182024311995,32.417303014539,33.65450894506,35.352677753759,33.725112614045,33.563227490279,28.630764851121,23.757978513406,17.7102943977,18.360026333968,18.786314625993
LBR,Liberia,1.6126664921563,1.6333352314221,1.6602341535623,1.7189003495925,1.7886752169264,1.8248315393379,1.8804363061527,2.0460767870126,2.0791179123528,2.3340516400976,2.2980262184597,2.1258189342674,2.0811675389774,2.1850545782334,2.077641241212,2.0935233835485,1.9588819240299,2.0147829915213,2.2923707653138,2.0536988896053,1.8085705052494,1.5864777202964,1.4741677501885,1.364990538194,1.3268502238557,1.3565636154822,1.4596080012946,1.5917817804495,1.7693493413894,1.9550095139749,2.189699630113,2.2298988421588,2.2795358163257,2.3642011303823,2.4680812799243,2.7040661369851,2.9848599999877,2.8839794523786,2.8918671390329,3.0667306961624,3.3957640952251,3.5642320885367,3.7113847657537,3.7123534500441,4.1068043003395,4.2889413641164,4.509409949718,4.3354011074046,3.8118853223014,4.3337426802152,4.2104553383891,4.2103092058981,4.3676746570905,4.4125518208479,4.4599085437756
LBY,Libya,137.62433262187,125.67733098248,101.82986448056,98.716582823921,69.927410526642,72.169740481349,93.389819058295,98.996372866186,97.992399721476,105.28583396692,97.151697477043,70.830084005273,74.198691235089,71.089939819418,71.152237413595,67.868698302221,70.454832490777,67.844687022769,75.872555955666,74.780832621043,87.038451089761,84.678914801722,79.309018463333,75.44911820914,91.464082073597,101.45677315621,105.89682658302,93.325715995206,89.330014817619,87.512063557587,91.731500436032,88.27576500566,88.514673105765,98.309829064123,96.934832504983,104.47826594612,102.79963752355,96.255513564884,100.57223165029,100.24326644924,106.05911939026,62.575301358942,99.545595552253,90.633908229967,80.399906494587,71.718802513624,68.153262261524,82.061606643244,88.531302102208,91.637778736233,64.448036776287,92.615456952582,89.944707592614,97.951644077719,98.170876116766
LCA,Saint Lucia,0.078324591897006,0.08049994916675,0.086588508872986,0.08717355966243,0.083314646011492,0.090799079624904,0.088689872831503,0.094414236849666,0.096419783163334,0.097965789770753,0.099383587203961,0.09128767674917,0.10033374878413,0.097368457920193,0.10324863455183,0.11397075933868,0.11717919370832,0.1252573363174,0.14566749047277,0.14862685801218,0.14951720453977,0.14932725611874,0.14952363360236,0.14799777032811,0.16314417687766,0.16826744449885,0.17090179975661,0.17865207057261,0.18842151414261,0.20103612687113,0.21370757073409,0.21926052640362,0.21198874530779,0.22606490645218,0.2215297982116,0.22555559134706,0.23693410952652,0.24760158029096,0.25759496037346,0.26907824427039,0.28897602893125,0.2509893430387,0.25984139852632,0.28278107601827,0.29950203508387,0.30649831263227,0.32297675508871,0.33035012660317,0.39614598830043,0.43637036422714,0.42319832442408,0.42974128948573,0.4497645702325,0.45415151464671,0.46852097267718
LKA,Sri Lanka,9.8760931456569,10.154973199371,10.877778431732,11.100495451701,10.812235939751,10.481323034276,10.809782214076,10.966215135028,11.552402397778,12.086614206942,12.267826705673,12.581779697464,13.347699748462,13.573121215781,13.27816020311,13.006795377215,12.984601429738,13.7995875559,13.566738036973,13.453422887565,15.918392572952,15.469519535173,16.876136749424,17.053427357252,18.195878837287,18.207423547266,20.173412756505,20.199421354043,19.573747508288,21.019704153096,22.454266340925,22.142217895607,22.784292052756,24.038486920474,24.130101233724,25.991886560817,24.840024560619,25.620722488896,25.825385960237,24.948124754584,26.548778737308,28.680877743431,30.75236029113,28.02057292274,30.09075377507,33.265334275786,36.126846987696,34.724364673704,34.50109196904,36.304559762854,35.882839753923,36.06526817876,34.125909634296,35.18535761302,37.166534563567
LSO,Lesotho,1.9077167036177,1.8124290796511,1.7689728670352,1.7468039857261,1.8052534759877,1.8569142627934,1.8338113404223,1.6965744820671,1.7176731098594,1.7965499781405,1.9042921590728,1.9166799089927,1.9448807951026,1.9128605881398,1.8909688154462,1.9714383798221,1.9999850418878,2.2951483279722,2.2176102948646,2.151100903428,2.1285517220601,2.1716441636511,2.3347574490583,2.2957313622787,2.2417036456881,2.1946790999019,2.1123574792939,2.191935976746,1.9444619364259,2.5311090794127,2.6680451977796,2.6811117549594,2.5455570243869,2.5817060952236,2.5750211345921,2.7451290421155,2.7028874269729,2.8394100586097,2.7033486126668,2.8015048175136,2.8069168738162,2.8435678783374,2.9067981978607,2.8102968161234,2.8180884785609,2.7845591904473,2.8209916640534,3.0313645121102,2.9297483307067,2.8119484293382,2.4749446676886,2.6213805464181,2.9114932619428,3.0709584594613,3.0549651667286
LTU,Lithuania,31.430968422945,31.885870702981,33.537980900405,35.478937734747,37.438098488083,39.212942634774,40.423725793472,41.491999520346,42.796682658068,43.898457700564,45.176622257541,45.452562208264,45.522657802325,45.783637173979,46.550870103511,46.552049051541,47.055745934248,47.506407850557,47.299347724269,46.918015254732,48.610563722772,50.160196756668,33.012889330578,26.644288367235,25.068214673874,23.92872427117,24.440232444285,23.988742685423,24.951934578934,22.030231507958,20.419880407616,21.100045384364,21.607386601775,21.684449599447,22.559105892905,23.57853764898,23.865147867764,25.954882706691,26.421216062955,23.317282272296,24.22460463914,25.112808425948,25.434131079524,23.904606706034,23.948661721978,24.728505896966,24.468434869819,24.903484656917,24.454937231704,24.656377056292,24.449798821707,24.287823196996,22.299746208546,21.575550319364,21.535707113595
LUX,Luxembourg,20.518248363971,19.122644957195,18.749059546681,20.207920577525,18.70152308722,14.969162567973,15.899422157419,15.167120235734,16.3752842294,15.565452493064,14.585792240596,12.594835626208,11.830971610167,11.054901302538,12.110760175992,12.240802761941,11.967229604777,11.366471853219,11.832069894304,12.643700653487,12.930729931426,13.439827587789,13.159763989139,13.380812417343,12.445551972207,10.048286256594,10.122420700211,9.5107187186362,8.7618062808574,9.1578980001987,9.7820382551872,10.325933783327,11.008988575888,11.419673063764,12.847290586299,13.076605515288,12.88145808595,12.297900403313,12.182249779259,11.584603149773,12.204720806652,12.061095590739,11.822629966486,11.291579398271,10.79799104389,10.296431174615,10.036107312281,10.194054781047,10.529382849017,10.659925914888,8.92457911154,9.3179114317633,8.1924376564905,7.8524742073692,8.0536674199614
LVA,Latvia,17.71243529954,17.958232668134,18.854839099919,19.938129155273,21.035229024846,22.157028689368,22.841556310656,23.370971302354,24.14427765558,24.7109037444,25.415996653764,25.643401258155,26.10879380907,26.452960802993,26.669447440794,26.810354177345,27.205886298648,27.586848681115,27.429220956195,27.134548856464,27.546434180228,25.797832669889,21.71480266372,18.46456589893,15.296086140174,13.658124424719,13.637355562214,13.100639290624,12.559731348694,11.916437383901,11.099243505446,11.701862167249,11.759287389797,12.061662725906,12.139563318167,12.286216040372,12.878306494519,13.308954637182,12.910406513275,12.156720166731,13.228634545332,12.65091917903,12.575371157627,12.329163691495,12.209948541008,12.480764719103,12.465504451328,12.332455792599,12.911063505513,12.784103784068,12.188514043012,12.44850491135,11.823611038236,11.698020931594,11.642388850407
MAC,Macao,0.33270376786257,0.33365785327212,0.35210297899726,0.41820585662016,0.50639740364191,0.42376324078494,0.41748707900272,0.43919015290213,0.43589004657949,0.46758790249883,0.50255244747231,0.48371888880549,0.50646921461519,0.6865130062761,0.66734361295584,0.60831690135891,0.7489360868261,0.91769282449142,0.89595154914817,0.91798902235775,1.0013766826163,1.0268079683356,1.1586236980353,1.2817235792976,1.3984486060583,1.2689977147016,1.4583851275285,1.5490862485705,1.7020218552725,1.7924543559474,1.5184692902037,1.6265408954883,1.7814290219049,1.8294259116238,2.1136704110416,2.125974607223,2.1150199657813,2.0108698760241,1.67580305503,1.7756315902925,1.7977140105233,1.7688769282651,1.8256356219392,1.8951686984282,2.1721822892599,2.855431679411,2.7234235089275,2.9801270594902,2.21243767012,2.3356044832711,2.3188292328653,2.1322817228627,1.761521151235,1.7639052077634,1.8200948273386
MAR,Morocco,22.248703874345,22.933346964,23.406063264916,24.855595489866,25.654873644273,26.641840742455,27.83000340693,28.96121235698,30.668189896693,31.898671922574,33.169168432582,32.845319060509,31.537381950254,33.240282580813,33.202621040715,34.981405465965,36.905553638742,38.531122637779,39.195666983011,41.490974139276,42.487050159312,43.425496297534,44.97272505461,44.779170800179,47.688641801992,48.980509371303,49.425479226057,51.84989691101,52.89454437237,55.25295788952,56.668014644914,60.507718357266,62.075969107221,62.619938502702,68.501264543857,70.599775847892,72.02162876421,72.952027024678,76.879428597387,76.919311069622,80.737093770744,86.130323966539,88.910317785177,89.834146757609,91.378609212009,93.673799220941,94.055806202261,98.00564481582,100.0291278398,107.74718399645,104.26139611173,110.82199619041,110.76092189676,108.35807294929,108.73642374068
MDA,Moldova,23.411819649756,23.637302002684,24.88511296305,26.320307831777,27.678160802796,29.430786991745,30.258083266351,30.924119068398,32.043206072313,32.764933373499,33.942977083648,33.873431196396,34.26246960367,34.574873490903,34.913867803807,35.186220362368,36.052231996799,36.862953170626,37.061127018993,36.97519619395,37.419578396738,30.938554161997,25.340401327939,21.641077223022,18.582009671635,16.544703349431,14.671938993304,13.325205943418,12.090872886246,10.612451557307,9.9128472808292,10.104451143401,10.334425304665,10.920471470064,10.924449785111,11.255189278728,11.068800713778,10.933270307962,10.614964049937,10.428640127136,11.505795880023,11.712664379667,11.336629403635,10.770869767561,11.331462881117,11.617410222009,11.899743308457,11.926949200823,12.620367976507,12.692603450827,12.384853337592,13.214235737546,11.649240538451,11.650645796342,11.658324509614
MDG,Madagascar,18.296905076796,17.302965663877,17.730008699291,18.044825134343,18.480236413272,18.735907908568,18.861568415313,19.403522889472,20.661063006619,20.811145513555,21.527177056599,21.449120335307,21.650250209705,21.912382152947,22.261689225247,22.003125438818,22.14202106862,22.188355016773,22.32479494933,22.404220569996,22.882307418893,22.955287514245,23.328781793857,23.858457951365,23.526926552727,24.119182648218,24.276753495757,24.485852631392,24.862335599005,25.152520400401,25.315842131778,23.494254846074,21.642923191992,22.828154393556,23.513193481231,26.184890607306,26.478383977812,27.116645120156,27.738579084643,28.367280830457,29.016317533224,29.070707390445,30.393876183995,29.603274112563,31.102530189577,31.461025509716,31.425449189977,31.82552382795,30.386031943515,32.247888595175,31.869371067313,33.596937322025,34.457664974843,35.705437129023,35.789966511419
MDV,Maldives,0.021049943954289,0.022128788547887,0.023836048428925,0.027384077465387,0.031415110188766,0.030212876852596,0.031259917005435,0.033185459363244,0.034635886598426,0.037040276223544,0.039717067261958,0.041135206866821,0.042326700295947,0.043988727062937,0.082592794327308,0.089802530833022,0.090856606029019,0.099704416286726,0.11540834283958,0.11300322178079,0.13501026366275,0.1391153424019,0.15008896637655,0.17077807668434,0.32197610290495,0.3864181398542,0.39377648699571,0.35762187451873,0.40052595973407,0.40177331706572,0.69497422330047,0.62203743546342,0.74615704717331,0.65302485416601,0.82223211127584,0.76939322151734,0.9303103212045,0.97772346183189,1.064072893209,1.0967770478593,1.1737676741079,1.2697126173085,1.5807007288394,1.7662845295445,2.3552969447728,1.7411035686391,1.8937284536093,1.7687277388572,1.5457668348186,1.6854687220144,1.379542719013,1.8694760995936,1.9895863554235,1.9985431245501,2.093372989544
MEX,Mexico,205.38908415899,206.97037849979,220.87036810289,232.8349570701,252.24061466662,266.22185877167,281.59247378528,291.33666335132,316.59844884771,332.2038776027,362.116605718,387.45828560032,410.85303462095,396.37839415087,402.9558950662,416.55707757728,413.95160564387,426.26956794612,424.94086470299,443.90249476536,440.4708391816,458.4472612237,461.02105710985,474.75507481653,501.24103461027,482.18349995869,502.1712645887,528.15713970007,554.86550624934,541.78252153905,566.2513619789,562.64287567887,568.83829470894,593.06315163222,602.65548714942,624.67924753922,646.27617533765,656.98215440437,663.53800644488,649.97574648821,665.57250484256,677.10256866487,692.87523789384,684.55988149908,673.04733926232,682.14785946232,691.4908926253,695.75277276823,675.05151173247,692.13338686149,640.12723930934,656.28903512071,660.28561442273,685.65123338608,686.77936947935
MKD,North Macedonia,12.345263748647,11.789217543899,11.793440094909,13.172523343866,13.570986923354,11.530037535369,11.91799894834,12.198449176999,11.888656540944,13.055471522683,12.1602881766,12.979662972926,11.621900644555,11.071665582637,12.533243428947,13.007783166283,13.241632636354,12.874722590766,12.997416514883,13.177931193394,14.361240018398,12.866602673914,11.541793452855,11.746336448635,11.521027838393,11.386221069559,12.976595184406,11.820351973417,12.666893359797,11.744121616824,11.400053777367,11.512489441789,10.961865613361,11.728340606336,11.892478642797,12.353742487812,12.056545563583,12.817499873478,12.66193447029,11.570883200626,11.735306674183,12.920361758029,12.293125931986,11.392524031056,10.964112323766,10.547921388817,10.250446876603,10.70223905275,10.241389291172,11.337205189719,10.288539486723,10.224422087525,10.815881683284,10.569134788675,9.8120963348751
MLI,Mali,10.868484539695,11.103382490064,9.8311521467645,9.1355334382279,8.3156722133221,9.0495607318845,9.4141416937707,9.5157448366264,10.139813261571,10.826275352875,12.201719233314,12.932366590694,13.349860641729,11.855817021027,10.596482882064,9.8928889913122,10.124663750214,10.517641175409,10.848496045556,11.371473649021,11.981843928454,12.013937859212,11.987786545844,12.145319363347,12.475674509885,12.846423603147,13.230360353916,13.365365353541,14.157276504497,14.85646032285,15.75712799924,16.483753795774,17.658507609026,18.540044078764,19.345073780663,20.241610921715,20.478343849942,21.86752026045,23.089656108753,24.321977097265,25.514510246494,26.537770425131,27.613686962299,29.182301680529,30.252531070542,32.209367008459,35.589277975933,38.307445790386,40.083118610476,40.84782130595,42.540257606755,44.990434499656,44.505364370257,46.611319352811,48.008509546061
MLT,Malta,0.81517482521942,0.82209750397645,0.99358597450342,0.96074390135425,0.88876929588472,0.81685223174148,0.91459492230012,0.96276868805766,1.0960137256277,1.0719427663321,1.1688698268167,1.3036621796718,1.4743184170893,1.1368164951195,1.5040038586766,1.3354089724825,2.0638343776699,2.1587251137782,2.3361004175805,2.5213245446853,2.5198749306922,2.4253226468162,2.3966141126769,3.0471381301188,2.7540119981765,2.6258687656665,2.576499172272,2.733920331012,2.6425155250438,2.6887762711733,2.4148256344555,2.7904627558409,2.6175967023563,2.9212071904501,2.9196134773321,2.9763051124276,3.0354640900742,3.1131920105243,3.1332168801092,2.8991701217729,2.9494107058732,2.9387386924983,3.1178489586772,2.7829828564112,2.7878535893005,2.1101982282822,1.8277760238409,2.0164201444754,2.0117976081872,2.115264314344,2.0609384192046,2.0681506815694,2.2350046533096,2.2252218687961,2.2436192275264
MMR,Myanmar/Burma,50.250306932848,50.62643440706,49.264331767227,51.470640431485,52.150158931905,53.649161424503,54.167348467854,55.035571405096,57.542336354713,56.824242763573,61.520418605136,63.250651754621,64.013569838738,64.922060187244,65.741560435551,67.257806604795,67.337707754943,64.756898885477,64.607295407756,63.650459922662,63.223318992599,61.995226331859,66.050710291982,69.21542266106,72.746490038707,75.790909229097,75.709239422173,74.180503376751,76.025939724762,82.400013864384,85.459486766142,86.151824814268,88.046689158002,94.165650932498,97.571400693346,103.18576995519,107.94089025157,110.21679270122,108.91422601404,109.62834517903,111.66662050712,109.51384109396,111.46831705552,114.8254776838,120.41976182367,124.25289680148,129.54420997296,145.48560286643,121.77577950781,121.64549476899,123.03465516656,121.28195558466,121.08004114984,118.2384652044,117.78753637361
MNG,Mongolia,19.948293946194,20.328072308419,19.959828629571,20.475376010404,21.229019997909,21.894936863763,22.228204435901,23.010254603087,23.415964573116,24.278623445933,25.118617069081,24.24241153677,25.171869721366,25.607907129377,25.988146748049,27.599671524236,28.840789075049,29.902143979635,30.908664048977,30.275917416506,29.930064504497,32.893790979504,30.617593351649,29.313721749729,27.335052797886,28.174333340146,26.887136762677,27.172321369517,27.90695770384,28.592589203412,29.330863343342,27.10868137597,25.008500182208,24.350218431622,24.296309757095,28.85696439951,32.180771060858,34.933765396604,35.924265472062,39.354507322931,42.455139014447,48.045022397953,49.286373245692,51.762730491943,54.986637809779,52.933945092056,60.763767956357,67.847440133294,71.03010589634,76.096391113302,69.780873248003,70.927696371914,74.708258458351,93.715828388073,104.35496596142
MOZ,Mozambique,9.2480078742225,9.3889257972842,8.9933629244621,9.3222008257607,9.2062075928321,8.840504968468,8.670131706163,8.5264102511297,8.1594759273501,8.0950629740637,8.5696928017883,8.3441095059164,9.78806326013,9.6273630237536,8.6891207911248,9.1854072244255,9.0003155856698,8.5702401062169,8.312475504326,8.6903790337527,8.6139110741428,8.292298208518,8.6087746552591,8.7832682465937,9.1184343717259,9.3653475855898,9.5451456777996,8.2167926579744,10.207449600961,9.7431129844473,10.498846397729,11.225908825276,11.704202634788,12.919867671269,13.587171317437,14.041559103838,13.77135690396,14.398200604555,14.125256320641,13.731490212894,14.312256661537,19.12121711126,21.971988912126,23.306219896009,24.747085730973,24.550514336702,27.006168245313,29.485249396125,32.512103005215,30.174079196648,27.927326720866,31.13711742453,35.683638471421,34.318018293186,33.625590000769
MRT,Mauritania,5.6456595444317,5.5001769473883,5.0609888655266,4.9621011702462,4.3132731770349,4.4389023749405,4.6628357911597,4.8523345974859,4.946006998239,5.1157929405889,5.2274756822211,5.5151997183988,5.637614501909,5.1665261635519,5.1299873469187,5.4022366699779,5.2953471273736,5.7533458332656,6.1010709479921,6.394912222889,6.6641282195679,7.0437052093941,8.2700069378186,8.3928039775929,8.3635184098125,8.5147802779794,8.8668613089328,9.2697342266281,9.6602072284513,10.375565425077,9.1782536720339,9.5558524989457,9.974247088854,10.250642357247,10.24265440325,10.481967400359,11.134011833012,10.898617052901,10.692834867688,11.232199020983,11.497372879859,11.906861478188,12.45728692823,12.52882453271,13.265803625741,13.650670581183,13.559454413374,14.871705843763,15.682261972422,16.133040646657,16.483010217806,16.364303111775,17.117996969148,17.182684451797,17.508620664645
MTQ,Martinique,0.36314400466301,0.37286210669175,0.41726223986262,0.42297144490483,0.40065831616765,0.44134604552647,0.42568811251397,0.45167513950397,0.45468279663904,0.45618085760251,0.47060777312404,0.48055989079247,0.47368935205602,0.45500783052474,0.44874660746723,0.4976173153752,0.51857357868935,0.56858690552486,0.6701368700026,0.84022519916327,0.89900145544744,0.80370974670515,0.83640335559166,0.99241854766132,0.99792827399839,0.99138829428198,0.97988043153012,1.003051538981,1.0149726343456,1.0236194531254,0.82967234991559,0.83385388952021,0.86486602227522,0.87404393739292,0.86534695527492,0.85660081555677,0.92630511874099,0.97111105705642,0.98713986045087,1.0657498987901,1.1336514795113,1.1722900858087,1.1710058833282,1.1691743355894,1.170572882317,1.1702154708588,1.171308673843,1.1720207766675,1.1675335846426,1.1645337493399,1.163571978677,1.1651283862552,1.1641876110119,1.1656836783335,1.2018075056671
MUS,Mauritius,0.82272670855445,0.86165267489746,0.90350981194899,0.94543477178224,0.99944427290338,1.0100270312345,1.0764222789486,1.1832967563754,1.1947513679096,1.2046157171768,1.1611060659815,1.1815121062425,1.1459650385918,1.2198969254604,1.2714437121709,1.2447902141127,1.4071626639441,1.4740862790035,1.5577032681963,1.6853475985233,1.8439597058923,1.9227788339337,2.0043439556472,2.1369692157058,2.187516233138,2.2534191517898,2.3400998283606,2.3570280259313,2.5400316214685,2.9550575866865,3.2408530234535,3.392926695482,3.3845053816998,3.4709365892259,3.5212462916595,3.6791215477548,4.4350200647022,4.5695757662227,4.692656073865,4.6919859645534,4.9832001462759,5.0103532118538,5.1219673298939,5.2705303564682,5.483514256219,5.4816426978579,5.596655703311,5.849741904973,5.8494482456233,5.9470195514244,5.5346822134988,5.8421026456043,5.9813179741754,6.3230730506631,6.4715957970748
MWI,Malawi,2.2956794531736,2.3299018445505,2.4564144085704,2.535513563856,2.6550550235964,2.7663886831549,2.8925157772188,2.9547080113924,3.0228744683307,3.0578025860755,3.1379938559366,3.3199566298199,3.418998410061,3.4555458492153,3.5343847183608,3.7970461863661,3.8570289069242,4.1342174474712,3.77690013941,3.9080490099967,5.8746780645337,6.1081053679747,6.2923040408985,6.2852412302135,6.2938360202523,6.3743351247278,6.5694130360758,6.74981634785,7.2612823109949,7.5340607831457,8.1414481192581,8.0891623451168,8.0993983955912,8.2992071209355,8.3477030152815,8.9520908863902,9.3984105658371,10.018542884169,10.5723908379,10.728330613495,11.461847050657,13.072353258768,13.387600957144,13.089373994072,13.398859846158,13.730566525461,14.15537088972,15.056151935262,16.204962666266,17.717696994808,17.611194603376,18.677155178261,18.639319780136,18.353836800169,19.023564522485
MYS,Malaysia,36.937939113963,37.574460345799,24.902221156979,25.468106534585,28.347290338941,30.279754753895,33.334759480862,33.341631051793,39.746818722168,45.536944731099,46.798271389888,47.304511295384,50.643761785935,56.680851967985,60.219063625429,60.058985920307,62.180299348731,63.3038438429,67.320533365402,77.146785989942,85.745385385578,96.911333077564,101.60799370581,102.47760385315,111.20595311583,113.60290432677,128.27704599203,141.26783175778,136.05342505538,145.3692718098,157.85645058961,166.0038339886,175.18487285115,188.34160644303,203.15971335881,215.21262507506,223.0274738653,240.60257439948,252.88525858933,235.84262973557,250.79028038268,252.9346597146,254.60507087202,272.74850340594,287.41156329143,290.1480770131,286.50238933247,274.64729604627,291.02157012715,292.13343000312,288.85838418062,293.31161142304,312.74720043699,318.37254305185,332.16682806372
NAM,Namibia,6.4684984235399,6.5693238324431,6.6693454845428,6.7765148574218,7.4190305721514,5.5584000152685,5.5873416952401,6.3276656884192,6.3830003578942,6.8086799441409,7.0538655504896,5.9871054663658,5.4803298219309,5.4305505394581,5.5049615823538,5.5759192676214,5.9745455471259,6.3584203059446,6.7469860350147,6.6814941216806,6.595164457822,6.6707551271242,6.6681740663965,6.7411263516937,6.7500168310249,6.8567684182786,7.039597229573,7.2919336526469,7.6100426381804,7.8195526103468,8.7445550086947,8.9490963833076,8.454793793411,8.7157246378395,8.8604322880849,10.640237132248,9.2953094315946,9.2811718727608,10.041850617812,10.18645531357,9.4609966699273,9.8545011640723,11.131055587864,10.225561751897,10.874329471811,11.125505897079,12.351844968202,11.774020323057,11.596722229732,11.77452046088,11.12461454602,12.134467554442,12.26919201639,13.889902614577,14.212131813916
NCL,New Caledonia,1.3809464431432,1.381960061061,1.417633040366,1.639959617868,1.907199237978,1.6687832581711,1.6504583543055,1.7355871935479,1.7587713565451,1.852906835404,1.9566824104531,1.9041793772852,1.3899907866859,1.3369487541895,1.407333167062,1.7821324641628,1.7249938334958,1.8647432262283,1.8344838142202,1.9324873106522,1.9184928391173,2.0684626821944,2.0875122521996,2.1280939537634,2.1907278421004,2.0322890770763,2.2448819256205,2.1049223137841,2.0557158310173,1.9977157821791,2.485982001808,2.5300471070679,2.7850042310463,3.0527482964374,2.7662075194809,3.009528432799,3.0080174641096,3.0865783361994,2.9929866887178,3.0022975894711,3.8179335677937,3.8426274921954,3.8862234834033,4.2663013325119,5.1563085819201,4.9401362098318,5.2718631518113,4.7730659506508,6.4659809759723,6.2299495105708,6.0806610408849,5.032750766125,4.9841530973174,5.2447887626206,5.381612167984
NER,Niger,11.021872126183,11.340283444677,11.549208296114,8.8031029515888,8.8621349984289,9.4855977147133,10.225945206254,11.245026717658,11.653638113089,12.073976401223,12.600442861104,13.254005008687,13.858238606749,14.588854497642,10.632739649062,9.1843931910317,9.4882109825514,9.7790015303145,10.150158873499,10.531263031453,10.738679079431,11.156520172395,11.586276501889,12.271205565557,12.650185088114,13.184392190484,13.836578756945,14.580927067603,15.246137335617,15.844595584416,16.206448553949,16.954347517603,17.699899102874,18.499145788299,19.316249775619,20.043332457902,20.754661218022,21.612053430895,22.507062170021,23.538278825324,23.318825559871,24.12018854299,25.890468270899,27.242566052464,28.538708899047,29.588024576152,30.938854140245,32.150330302047,33.652831747134,35.517358874096,37.194710105386,39.193969904828,41.358731802412,40.072247042153,41.146146953493
NGA,Nigeria,172.3707977929,187.21194563673,222.29913638405,252.43637409632,286.06729670203,232.04538132203,266.28581982717,260.75089051456,250.11249758308,312.14314212652,286.54985722434,224.53720388936,211.61142003458,208.17020441887,220.16524372574,232.29098839307,229.04847593307,216.49065594875,235.3765624078,259.93085697016,260.81563077495,275.4142617162,299.39378986214,303.00043660203,326.77502147748,358.62625459463,417.04055135758,391.03884816512,358.91549865041,346.03130633584,379.86785496845,385.88774428153,332.82738602573,369.18643085748,359.99112663192,351.6043237257,324.01093433072,298.67143732579,303.82146328557,287.38886373219,309.51953260921,330.19522296733,331.6926955034,335.40481610176,346.61759351387,342.39752229955,336.75007956517,334.53414506316,346.52871174009,360.08569661295,333.68467568114,342.74709499378,334.76991285853,337.77674538824,350.55535432209
NIC,Nicaragua,7.907999730996,7.4962080442075,7.5643078724308,7.9878987668308,8.4597893527797,8.6860738514746,9.1920734501626,9.9814261601973,9.7082879211473,8.1554405996227,7.8710383994141,8.0672616005372,8.1449468933078,7.950938393486,8.1344177840484,8.2282288308007,8.1232072079145,7.606282230933,7.8164071218322,8.1621553108457,9.0103465346581,7.8962632184485,8.7724936765054,9.4066996916393,9.7557107447935,9.2621266198771,9.2998313464871,9.9735335809405,10.361920483771,11.376536843436,11.796062833204,12.044586494772,12.319667686167,13.055540656378,13.000105333553,13.02709565306,13.632670736989,13.90045548224,13.756051820333,13.820938709724,14.202194264252,15.171474045094,15.632048834689,15.751144702068,16.476803629053,17.695897668471,17.935578605903,17.971070361748,17.444270169895,17.907220863627,17.8226656226,18.441014842061,18.706396448084,18.960952774873,19.158621094605
NLD,Netherlands,179.5283220386,181.07275445342,199.18492817308,208.09107853412,203.48140731897,195.40079319748,206.49417248595,204.48300943845,210.27394288757,220.83151329164,213.79078476949,212.467849321,201.29052868374,197.62377851212,204.9990694659,209.14654359261,212.06903553787,216.70754635335,216.21720460716,219.09941044782,223.81716029604,229.21530274861,228.11887263233,231.48130182136,233.43073269688,236.58163627265,247.75841686023,238.00085165519,237.92377158238,227.53392753253,225.88010185019,224.85656604644,223.5263256613,226.07663863948,228.46536519686,222.29971092077,218.48300087613,218.60476075167,214.11059130793,208.24355883773,219.86846579563,206.76095259901,203.88543939191,201.67827652419,193.57407192125,201.52961047456,202.67870383604,198.73095536553,191.88390941688,186.70002669098,170.3435907836,173.58958935401,160.28355647294,149.4883818116,145.00667452457
NOR,Norway,55.057603641366,53.605343861261,57.150660355617,58.84298167119,57.816969931906,56.247537525107,58.92251160923,60.081438395239,58.911469972728,62.187539525862,60.226734903349,56.547088014701,52.453732786771,52.558730711541,55.218140459615,55.388557319347,57.126659034036,55.558350923307,57.009628667292,55.534214211679,55.350514291829,51.821441964393,51.518767866602,54.173034074642,56.616690449997,56.130278876241,56.60470778068,59.289569633319,60.78398149648,62.471227365488,57.669140244191,58.578554119448,57.570392040055,61.342521729225,62.045990377095,59.493182215093,60.358689545034,61.669942343436,63.348757474952,60.284637281033,63.387754625146,61.846994740941,61.357799972883,62.166591785733,61.954300806322,62.893212395666,62.213842024219,61.991310664646,61.118755730072,59.549657084127,57.832135048987,58.709100098251,57.651452408019,55.466958799797,53.759636410718
NPL,Nepal,15.683659597751,16.002799932489,16.209936270547,16.898019211228,17.243510280409,17.738971127393,18.035873084193,18.551542100819,18.947378226338,19.26036791175,20.238056693665,20.35633226024,19.989370038721,21.115000988426,21.439527159262,21.416087789798,21.56504224511,22.211602455575,22.568839027216,22.568429738419,23.096164811373,22.850876486303,23.708645758676,23.635616073883,25.206109624436,26.072138863491,26.482925078957,27.031383699908,27.627210865037,28.620166729945,28.897136147795,29.492045754688,29.083065489453,30.107477516445,29.71333581324,30.405852470487,29.835742665657,30.857715387116,31.72700998326,33.04296173741,34.455919875971,35.845871249854,36.457468832826,37.790187244069,38.563058899207,38.416572418861,43.03156501406,45.424737382371,47.838226390004,46.623053176222,49.817198390362,50.758083926615,48.037706881943,42.116033626293,41.468234697375
NZL,New Zealand,58.171250695226,56.455108592509,60.615546820146,61.447772593166,62.650422808825,61.751533015081,64.06718039647,65.075457337451,64.993815855949,63.078796477665,65.603742076289,65.552268357219,67.465108135124,67.687912982388,68.80252622498,69.791237998065,70.269507211041,69.690204213512,71.412309070112,69.54795336808,71.813865292618,72.153437748614,73.353894604585,73.977576251063,76.177986829576,77.661591953012,78.351812306003,80.516140313958,78.610536741228,80.809159807717,81.683988115297,84.132365256602,85.81187054802,87.311028439815,87.269751507773,87.701345109043,88.156583037136,86.916036845942,86.632141582103,84.375051629598,84.793662595463,84.206165433717,86.888184575587,85.877379151036,87.275262838786,86.179464900775,85.682043436306,86.855427571215,85.831836816916,87.124586041851,83.770543643739,83.478751860196,80.084062030076,78.208111792013,77.837353277562
OMN,Oman,14.847432225969,14.86782537345,14.702599305183,15.044725171628,15.394520396381,34.909648658517,38.515164941973,37.84161020727,32.278605297241,29.525295050844,20.747991341509,23.311117358537,21.63705446395,24.719745577243,23.616051777302,23.048460691937,26.454875665082,26.725110935221,28.921902005659,29.445687297465,34.965935329055,42.577768416254,41.168060606466,40.074723445628,39.190270626906,42.194975056339,44.214800807458,47.828501301003,44.761130650569,49.415254981364,52.059168369889,55.920062746278,58.557341448246,63.497658163907,61.807577386034,62.188031746624,68.950601385236,70.675730385342,70.104115956656,72.161429598454,76.420398653926,85.519010066608,94.364173194886,98.923692531944,103.64803933717,109.23238514167,111.59444023468,111.98542940643,115.4890043621,116.70322558665,113.28397826016,119.54839545114,127.59369549683,130.24858399731,132.26466164521
PAK,Pakistan,84.222458105233,85.305583547701,87.383205470687,90.262322940305,93.273285982946,97.908817457945,99.171414433868,103.89837027265,108.22421518497,113.0938075821,114.99438884547,120.42226038518,127.05459514662,131.20085169967,135.62483929536,144.04947950336,157.81115712738,166.80415890399,174.19594367722,182.90249333544,188.87742085379,190.81929471525,201.80769835659,213.98596137287,219.02094863818,230.47618123225,240.16232648763,246.58762449533,252.06531959314,265.27003406291,271.33194793722,274.66192222485,279.87688555581,290.86530423078,310.87883631361,319.16484961721,341.14837509777,363.58122210031,365.14263765789,375.79517854385,369.14623248631,377.64378491006,381.79593543691,396.26988838518,412.43466563129,423.57231837349,454.0304506915,477.20103281016,473.29276303213,476.09084949141,511.26421845639,526.95171032811,537.65633571558,522.21000937951,525.88247143799
PAN,Panama,5.8577236769321,6.039558445753,6.3128903978114,6.7218852536652,6.8581894729628,6.996592095706,7.0195496369623,7.046151683954,6.9171912079435,7.2579046411529,7.076012097411,6.740982602744,7.1527161991245,7.645518757811,7.0319527434184,6.8507842150134,6.9605035327868,7.2677762754438,6.5601722527612,6.7253500240121,6.8745141263877,7.3685333808283,8.0959419841301,8.241859802978,8.5750632878315,8.9179552964233,8.9706174980635,9.01237377259,10.2812624314,9.5436618250366,9.6956236961818,11.19575701242,10.477095517097,10.566143817455,10.572210579633,12.387976779187,12.839044717732,12.779999326747,12.772465129025,14.263744643325,14.84508442394,15.911142195087,16.369704859284,16.254517448441,16.611890785181,16.388571113655,16.572157603822,16.088000236104,16.032009263059,19.319135238664,15.97369569238,17.18227973395,18.063614093449,19.49312359185,19.217954518897
PER,Peru,36.787463338802,37.57934183719,36.948441839886,38.090878703845,40.211976038857,40.441702441998,41.319321698759,41.385773151748,42.583218386572,44.557457477363,45.539304204308,47.087089399647,46.977778803465,42.506528329683,44.153701333116,43.196411685705,45.316142390156,47.391738121822,47.558801489814,44.34628441054,43.459141638538,42.52624822435,43.343948197802,45.104584971434,46.030490248925,50.597991403206,53.51645179267,53.395002414229,53.480776227933,56.08496716338,56.529337315512,53.732784005926,55.3559975817,55.390580288506,59.349275656681,60.194810042031,59.767073262452,62.9141973164,68.038850464144,71.569592837243,75.801949521384,79.655415793591,79.814978395597,81.889985447746,84.816527094673,86.767484345204,89.161229717303,87.203087336634,87.292051183305,91.26336886895,80.141807073386,93.508524334208,97.630082665037,99.2574014718,103.81302462112
PHL,Philippines,66.033248826777,67.022567183913,67.396255216165,74.182330992922,71.963870163302,73.908314325261,72.976266151951,77.21957744408,79.403526770045,83.623030678915,79.517860537496,78.052579620428,78.950194893596,80.832583884611,77.231314352245,78.496897764389,77.836854301298,83.922755593879,86.836188993369,89.337020658781,92.011146253685,91.503049997109,94.412687783491,99.087728475547,104.92896405012,116.8375145224,122.79943823754,132.06102857301,126.39115387122,131.09237606132,132.77516832028,131.62046044787,134.56593254839,137.65986807205,140.93007650239,145.0007884128,137.58836170514,146.19582629677,148.11134370732,150.4793888139,156.64380068428,157.75934983606,163.07283951933,173.26310131553,181.13840045268,190.63380672339,202.6230278155,220.80733979038,226.90600230312,235.21670182183,225.14494406491,235.61299406005,242.59674573043,254.53138369803,266.59728422387
PLW,Palau,2.1663474132485,2.1665094991613,2.1664908286854,2.1665624166574,2.1666395810337,2.1666834333089,2.1668277095997,2.1668813992072,2.1669332927545,2.1668678010916,2.166660919172,2.1994025219739,2.1837953589391,2.2674112409467,2.5073296519895,2.0294485424046,2.2124868027245,2.3195563480469,2.2204082835611,2.3185743629581,2.3433900001459,2.3259593450101,2.1276019688887,2.1774280959909,3.2586437693885,2.5566316583397,2.405839358623,2.6979548322017,2.4379764145965,2.6008065316492,2.2407856213408,2.4828821685785,1.5096471254962,1.794536231337,1.5964390370254,1.8429621193125,1.8022361864896,1.4635690123808,1.481132914789,2.2835540961881,2.2049445865214,2.4652544252453,3.7209933939947,1.8806758419294,1.3222772735814,1.2532048431888,1.2006182638369,1.2552620009916,1.2867348257056,1.3265054256483,1.3360265757922,1.3894728604918,1.4626826556078,1.4620351206145,1.5338110380463
PNG,Papua New Guinea,2.7629967531146,2.7937285113806,2.905342203088,3.1855555923664,3.5596935187919,3.2800159268942,3.2913908397253,3.3899938738432,3.4007660520918,3.5409032454497,3.6836684114119,3.6834854716099,3.7092942231942,3.7271147013061,3.8283129559299,3.9584830390453,3.858073759361,4.2771252118657,4.139205119459,4.0410722239728,4.8718502044579,5.0091015706742,5.4456309563089,5.576369508221,5.569284103359,5.6079262950821,5.7316967871953,5.6750140518251,9.0000365541519,6.172577687624,7.0746701682355,7.1513564121534,7.8755953148317,8.11108092376,8.6209418514913,9.9954740438086,10.56854016924,9.7098278265747,10.287252035454,8.5966370684054,7.5293708428612,7.7752668808433,7.5705491237327,7.9836539773564,9.5958336997413,10.631312176171,11.331140863072,10.483770610921,9.372814376948,9.6679638679921,10.124634897541,10.077276871042,10.427687031899,10.66230244286,10.761087900867
POL,Poland,484.91295341237,496.45584634243,513.88968500435,539.32341277905,558.76665846506,579.23493037961,605.12369587431,620.70685453959,656.39803324086,658.23998716702,659.71094304449,599.66524332827,619.43251375844,620.50068721078,632.80925827807,639.77659237704,646.16671773348,658.841386545,645.79802341551,614.64657313952,513.45562922291,502.57176083577,488.79619166141,484.8249146952,477.68812985006,478.1718567984,491.57391198519,481.04145972171,442.45289741213,428.22079346922,412.06045506178,406.5304968018,398.75671386297,410.26618184923,410.03368810603,409.95234769955,423.24011013508,420.4154440774,411.64121088527,395.30775863575,414.17336465925,410.71482374392,405.0957495741,399.15332808263,385.42384919013,387.92298239612,399.44948573924,412.81002571038,411.6684368728,392.65575849683,375.62435805308,403.14141756792,384.93571327703,354.31093470926,348.19504097853
PRI,Puerto Rico,31.449137129525,33.822535790821,41.0425526402,45.365930444392,43.086486946163,40.251356952047,44.022780063792,49.301116927886,49.901475809097,42.744557837161,35.343168800556,30.629181129202,23.836534274045,24.357189193212,22.155785638155,19.705832491969,23.967680934062,21.574177543731,24.938021505156,26.117044836662,21.752457036063,22.307958918286,22.733748681238,23.303848738214,24.032160285461,24.384995421038,24.70716283749,25.385429412656,25.818576827958,27.798798889085,27.851343528756,27.518238966569,22.855306169705,29.203691520989,29.24237538637,29.357144561717,19.930683510306,20.899417189358,18.262750036763,16.774782801928,16.145403068032,14.310667916881,13.906603689288,13.487054388173,14.072369831183,14.628550765467,13.852655763873,14.054628336386,16.076075545346,14.906324310052,14.654483177045,14.901458090373,16.121873471207,16.81116053631,17.616493919667
PRK,North Korea,94.807451835809,95.490566851685,98.824088839215,101.08185438812,104.78418930215,109.07305222529,116.06373144743,122.72357354542,131.40307789108,140.98874635548,148.03760863396,152.34031806855,158.48433255356,164.02370172041,169.59633898434,175.23308379999,173.24564730312,167.66221918324,171.21498621401,171.5138444249,164.95961407386,159.04214686566,142.9944445637,133.44697752997,121.54785467213,112.8202418701,102.89593427783,100.59101643871,85.762470752162,93.378111354794,99.770333527618,103.48591120553,99.762966295402,101.92087678599,104.46912029366,109.28902174255,110.99625751712,95.214790546368,102.82393884153,99.454709854644,97.143788643865,78.107743684242,76.098716180138,65.23971058885,69.032792555668,59.391309600238,65.06315841552,101.64259262013,92.485019896948,100.75796391093,95.250677376594,81.636017994097,84.570590947442,90.622464257268,91.251815189815
PRT,Portugal,29.625411324154,30.522327835481,31.253846674973,33.657266552609,33.092859004727,34.673725156936,35.936851463475,36.51321942143,38.533337878929,41.567010907508,41.872022877694,43.651628014565,46.028194705288,44.820565589185,43.072459827319,41.724972990135,46.213492086126,46.167771755648,47.068364761223,56.022955198239,57.636871524928,59.157143854728,62.972137124037,61.851121155793,64.008722509062,67.442857966025,66.08747288256,68.840320951674,73.579773307851,80.757749328712,80.571567002948,79.493146813248,83.963553412755,79.201878204282,81.225425191925,84.724818572389,79.900309592621,78.163550813388,75.795570550032,74.956550780383,69.518997512603,67.732298572602,66.253223407136,64.637774346936,64.413544963356,68.861094356111,67.744763239588,72.819673222181,68.877584788976,64.560440414578,58.682527210275,56.95977642747,57.31886288348,54.977693687807,53.169594055909
PRY,Paraguay,10.348619969109,10.663783901575,11.001294328547,11.612071409757,11.916008667879,12.498003533369,13.652624235759,14.521810970356,14.787031586058,14.524260935101,14.740083008817,15.853090368584,16.535838690714,16.994294270122,17.721153461494,18.286769964627,18.657776360247,19.421093250889,20.407692009997,20.588317690003,20.770441547717,19.474532521351,20.395997756212,22.31247872543,23.720325058735,25.546274133016,25.518945924414,25.895268403148,26.054356223033,25.561157744089,24.887579523819,25.459918590445,24.622535487059,26.531524058516,25.629864158558,25.819829845261,27.640840333693,29.700932800761,30.910022662073,33.461452089124,36.453676067323,36.832553737223,38.005222342524,38.755906108203,41.116748615914,40.860442267891,41.209172837712,42.437644890949,42.000356980216,42.408079314191,42.584450540727,42.403801580053,41.197578928504,40.954551424128,41.442035300931
PYF,French Polynesia,0.19158969242368,0.19237436485804,0.20149129543718,0.23184006068874,0.27282473894313,0.23597998758532,0.23444322897507,0.24647260235413,0.24653181173915,0.26188207272884,0.28111978884464,0.40389664525103,0.49906790813019,0.63479624419466,0.83130064165067,0.80352871011409,0.8780027301641,0.98700686070298,0.97894655779298,0.95299532127825,0.93838649886811,0.97134568620031,1.0035412507767,1.0154939667269,0.84013564276711,0.79795178136734,0.79009484315748,0.82707911843563,0.85306962682686,0.85398646167594,0.80752705948462,0.92472324564409,0.96880229034111,1.0291320659998,0.98096782713639,1.0358876855469,0.97872284744964,1.0467968226768,1.0699356133195,1.031922916277,1.0885753612027,1.0563654206311,1.0252742376322,1.0954090873808,1.0834847300397,1.1058403876375,1.1092851115883,0.98048360316913,0.88087572216137,0.88417789816518,0.81360780880748,0.73760045282495,1.0294713971365,1.0337767016741,1.0810034887819
QAT,Qatar,23.54860111338,27.172870502751,32.117547552851,36.480516977567,31.440017140781,29.149907283012,29.157298616105,26.013664818617,28.959079702279,28.297598643119,24.701749428391,20.671353580878,19.972565071232,17.997837172268,25.163101439313,22.377743350071,23.403535148285,23.261602531162,24.687635180117,26.250000500492,26.28981168376,27.149424407255,28.737620005054,29.033519487453,30.174529927655,29.838133207366,35.294801733219,51.631972155044,53.126745916637,57.257567547367,59.996639440945,56.44895181795,59.621141413824,65.36599482218,66.242441167755,65.671673899314,71.413334834185,80.014513083518,85.469576234594,87.065902832238,93.74259335365,107.02152617468,116.29878735015,127.19089300146,135.91400013081,139.63005001005,139.9209361129,139.46138567942,140.39553436326,142.39976732817,140.67766335416,144.03444270062,146.13061245786,156.12657350207,162.74468869021
REU,Réunion,0.51529002353653,0.51476285650533,0.51844212754156,0.53586263900047,0.5612593982781,0.57628958508177,0.60551590082302,0.63596180051194,0.61959472018309,0.68287258419484,0.66733721591837,0.66762067256972,0.68159732580627,0.80282260434394,0.8559470166305,0.85433202011522,0.86892931739632,1.2206678185456,1.303010840706,1.2742459646993,1.161249274412,1.5515559255472,1.4098913190386,1.6280993254603,1.6697481827529,1.6866630479772,1.7288696987073,1.713581538483,2.1812174703276,2.2641255644044,2.3230124004807,2.3739999284307,2.4978119897576,2.5780971951838,2.7870889264928,2.6914381450907,2.5977036358694,2.4724108611745,2.6676879447017,2.8017923507953,2.9594223565437,2.8659059337449,2.9050054476389,2.9111041687257,2.9009557228893,2.8767661129827,2.8947186431734,2.8965209427029,2.9053406704196,2.9019660879169,2.8899632654597,2.9017514349342,2.9198132526537,2.9795823628328,3.0343888984009
ROU,Romania,172.29624686241,175.06191810734,182.22934648255,196.7687086552,201.05963251001,215.41835239911,231.78336072643,241.55953903361,258.53435309082,264.0929809175,261.02791945571,263.78981666178,262.08930210428,265.10496900109,265.03473636845,264.94123755889,267.44785368128,275.25245308001,279.08836079869,275.5062269392,241.01455213183,196.71087714405,179.65064151885,169.78127844525,165.95327027853,170.62197822179,174.35774166702,161.29344685949,143.45829237541,126.15287662213,130.37855075502,136.00031808276,135.6109675314,140.65752141501,140.36737692003,138.32832917228,144.77263287335,142.50963566974,140.04509589622,118.24572655209,116.51313520098,122.41020958158,119.39050104804,111.22146237029,111.31122038896,112.2451566555,111.54455968127,115.21039024377,116.06003063877,113.96594066465,108.1538459384,113.47833337826,107.30607136536,101.28636141848,101.85758975999
RUS,Russia,1707.6312492448,1721.7006437261,1804.4686895703,1905.6985296921,1996.8001521583,2095.3793146012,2170.7189115985,2218.8439674699,2349.1473678017,2382.9964029692,2451.9611100951,2448.564907106,2487.0141066454,2534.9981819117,2583.9559112389,2629.3881416221,2706.2557329121,2778.1348245346,2835.0982438764,2848.8517046496,3055.8849023639,2986.108329119,2756.5275438312,2521.9791943916,2283.2896872834,2213.7261933253,2149.4894036192,2013.351995508,2002.2967909639,2054.2443714647,2084.3476298543,2092.1256391312,2084.5671281882,2150.1386205417,2162.8786505558,2166.7250726837,2203.8701592366,2216.1012173482,2206.7808633861,2092.0750465347,2191.192778844,2283.4198160165,2293.7574310267,2243.8938086202,2233.8809602865,2248.7539296942,2237.8431077533,2286.9044489797,2376.9299795898,2409.0263032525,2325.7998613895,2498.4553331653,2459.3933507985,2512.819593253,2575.6547638945
RWA,Rwanda,4.3514290774833,4.3848891091463,4.4778583308636,4.5905021426323,4.6244865961684,4.770915781745,4.7424117324508,4.8493631700184,4.9562246023442,4.7704467649273,5.0645005432162,5.2032142108672,5.3557911701204,5.4937389105919,5.5666499241876,5.7407528906197,5.7883017948306,5.920558708889,6.0642807766408,6.2763036467835,5.6714058065993,5.4528591977135,5.1214342894315,4.8613543002703,4.955079684935,4.969141666173,5.208204841846,5.7541056955052,3.9916307995646,4.2981629910316,4.1093026389556,4.2446489800562,4.4502789380605,4.5828465276958,4.7235577312833,4.7960970710746,5.0702266911749,5.1862971859811,5.398046295588,5.5457645901327,5.8254477458345,5.7781252555724,5.9572005885157,6.153126462795,6.2212377004414,6.8754863236051,6.8912179661248,7.0400887918494,7.3037610476517,7.4914097932454,7.6415400580161,7.8139303638205,8.2309227321633,8.3468967797015,8.3498807486411
SAU,Saudi Arabia,85.368044115217,96.878052190674,122.70655872437,160.23047770948,171.52934499094,143.7582441817,175.69058395018,188.79679780266,193.05150342156,225.6753652915,267.00479401331,253.26622258748,237.49385033975,228.68536318418,182.19950251304,174.60442570381,185.79108819519,193.90995545649,212.17652403152,214.06940426828,236.60953012592,252.02416014545,267.42075992245,277.50613683243,294.53306407034,291.23617681912,308.26799069882,314.10648238712,330.10895686775,331.36126732273,350.31483849822,362.48112732278,380.35156812625,407.38807703106,429.75684209571,457.15851284721,480.83646061988,502.56805706823,538.92769880891,558.5048326176,603.27070233383,634.2139190695,669.68062781491,678.32010133069,721.0808926054,752.88706664233,757.45568562376,752.69421206778,736.70534994965,738.285007055,740.204805978,757.99454898504,804.65387788438,818.19172594842,838.87655111445
SCG,Serbia and Montenegro,46.168794821457,47.136978507808,46.953930351664,50.25159166157,53.866821707767,56.02664961126,57.418066033932,59.322906807203,62.36785155792,64.367833787394,63.390290351407,72.154534765863,76.387224169691,79.861355005702,82.425046444574,85.223406970786,87.494846206856,83.866599325327,83.449497084552,82.009582016754,85.334954108286,73.406063418095,67.286954019062,60.115625677699,55.662391141701,62.374732431768,70.725843061884,76.713062266771,76.516712181817,58.031987408718,65.845013139656,69.869280133661,73.916441121494,76.96446047184,82.44559933999,76.58621178879,78.162147372436,76.779830521465,76.141219813649,71.196739041139,72.936257714695,77.14820234999,69.712140240851,71.085134301816,61.521407381381,69.645429645069,71.840040418536,71.828293094663,70.324973561506,70.903026652321,71.598837429093,69.632179248963,70.234731706582,68.126245581279,66.753674928177
SDN,Sudan and South Sudan,38.823763538228,39.579379490115,40.382480194314,43.803461818837,44.487482351653,45.614816997797,45.964589320643,45.888354045273,46.889920234735,49.675596946709,52.737697752544,54.986383527644,59.445556910451,59.113719767017,59.973544220135,61.358126038639,58.054886711408,56.707155777972,58.43467625174,58.825281554043,61.17146284891,62.246595005989,67.375333992351,70.522325566924,77.217342685517,77.921553918379,80.627411119926,83.092939323111,86.784581300196,90.796847498245,95.630984931878,100.79276175629,104.42017384572,107.90554557219,110.67908766658,114.42841259741,117.39178521433,120.58296082931,122.21956461428,124.08898736415,124.9455856551,121.72459103046,123.45652999147,124.79532907172,126.71758172602,130.18881024751,134.00246221729,133.67378777535,137.99104823975,138.21324353847,137.71674395657,139.71642609315,139.45956506921,138.35990114459,138.70195171916
SEA,International Shipping,375.85958433938,375.85958433938,393.80000010085,416.82195007257,390.03940083001,363.60927940595,375.8023505735,375.74696847513,377.54512699864,389.53341960572,380.5087139792,353.33660707003,318.31873021357,298.3091632617,302.35491609923,325.32689412781,346.11970079937,342.58163959904,359.54676505779,359.738211999,395.32317121716,410.69438224474,440.9423052896,427.95910460941,440.87021504176,457.17941071336,466.42299167744,478.2816043457,492.99030272415,521.28204957048,535.20376927497,508.00204935715,526.62093236087,535.67606821251,588.35355293765,608.7413883889,647.47359695933,684.8987031246,686.00281290943,652.6741368984,701.24127662253,702.94784236385,656.23521403707,653.49345569989,674.69852131915,699.70519174482,720.8891081126,748.93921944271,752.2445603009,734.44014289189,673.79507864127,695.92049614364,697.76674271811,752.63943131123,737.32219057815
SEN,Senegal,7.434652466763,7.5894649511573,7.4121950662312,7.1814671254161,7.4480964712481,7.7366376678848,7.9480891892166,8.1146679059336,8.3013971032597,8.3961567152339,8.0904952372399,8.2400008511985,8.3682390217625,8.1061530533485,8.286060501865,8.7560864202234,9.0255843519155,9.3539230893572,9.3477661998604,9.6395169890322,9.8879231203465,10.089747181512,10.465387565084,10.646375408969,10.936740491371,11.182218042742,11.696200556779,12.130689572436,12.704666297679,13.705975449656,13.558691086646,14.384456631549,14.455010793774,14.426894604455,15.244214729103,16.072049723351,16.302797416408,17.256944533191,18.004312257121,18.764681634951,19.500865254269,20.226823832108,20.569748669108,21.063081928797,21.816963742128,23.425088649076,24.958790357104,24.961804259826,25.914999724618,26.465734498636,27.16183626793,29.548698447524,31.500777863908,31.075388920497,31.720612000848
SGP,Singapore,8.862815613831,8.9119961387632,10.32741778497,11.278341155255,11.724687581429,11.717012256297,12.599538760964,13.815016570324,15.380061682779,16.411663728319,16.507731750652,17.67632389666,18.33823542346,19.672494268462,19.834254838209,20.637274820614,21.038498820221,21.453444236861,23.894349589802,25.269133663977,33.754886130784,35.804354737041,36.613415468608,42.451972155195,45.397349396007,46.825732234491,48.790244793704,50.338293776605,54.771889384109,52.73051604403,57.243345789652,58.766980306253,51.403914027973,49.808835218274,52.470541188317,50.329124234885,50.598575686478,51.167425277789,50.447863863967,51.44737131889,58.050944760808,60.447078693752,58.587656093556,62.01333891044,63.911353052952,65.746659977216,63.878314622136,69.102597837617,67.086357833839,69.587525406222,68.067532162577,70.645246476232,71.907968849652,72.392943700916,76.092758336065
SHN,"Saint Helena, Ascension and Tristan da Cunha",0.0057113175139807,0.0058256468546992,0.0053953222336311,0.005379881877447,0.0056458018121369,0.0054852232238819,0.0051409071576441,0.0067657033175964,0.0065225253795771,0.0068717470901001,0.0071176642491088,0.0058647641523816,0.0057925876837401,0.0069108717103892,0.0060853543393529,0.0063896340690749,0.0067120484314293,0.0081850591281348,0.0088709792813347,0.0089806311224552,0.01330726335237,0.008794911793362,0.0084971373623155,0.0098249539110223,0.0083333367133717,0.0087141147671065,0.0063199482174383,0.0065181162996891,0.0065719166519278,0.0068225173696325,0.014251981581276,0.010405506324661,0.010449884988152,0.010942732837013,0.012298177807229,0.012927099972271,0.011666978262527,0.013087201126673,0.013618407645981,0.013805442834487,0.014681747818421,0.015226732461621,0.015424236383992,0.018262675984492,0.018240819447256,0.018332999131702,0.019044010365001,0.019782952154381,0.020674656604385,0.020416567165395,0.019082516581022,0.019405298607501,0.020735483366621,0.020772016751657,0.021008263917755
SLB,Solomon Islands,0.14712943537462,0.15582500848561,0.16322903820409,0.18291785487773,0.21301389702952,0.20079919981652,0.20959042464196,0.22282344118194,0.22919572283599,0.23585342188527,0.2527913080953,0.29945080779348,0.28103252040862,0.29155000426345,0.2761854090943,0.2762582799068,0.24737638953141,0.25660311323451,0.28660142730141,0.28253935274372,0.30158376915764,0.30963153045034,0.32892451824607,0.33340883254714,0.33969371877435,0.32663032124894,0.33118313438488,0.33880070814604,0.34636849476607,0.35092418546773,0.40610733833016,0.42887896789841,0.44485150901874,0.45932610591051,0.47394165310861,0.49097902114231,0.49617919754509,0.52438190438203,0.53370265469727,0.53714821363837,0.57261545767475,0.59132542722773,0.59677519970898,0.62527171986286,0.61174806977895,0.57525977264292,0.57000524423881,0.5428076478539,0.58114188122136,0.58409944134297,0.58131786153861,0.61555492801968,0.59213073619308,0.59894686339881,0.61975198600172
SLE,Sierra Leone,2.1118790962184,2.1373336063055,2.1667879876976,2.1884415621099,2.2549944103135,2.3404130309219,2.4101087920192,2.4624681712892,2.523572898523,2.51627609357,2.538004783999,2.5170827082944,2.5993426828048,2.5601017796208,2.5064903911746,2.5478211773438,2.6881413405262,2.9886518154139,3.0315221749905,2.9672771673568,3.4734375863674,3.677603994702,3.3429140886453,3.3508130814178,3.3594429726907,3.4459718909991,3.5092603847378,3.5725727790381,3.6131234439367,3.695663468237,3.3907626628226,3.4526486931854,3.6199915606639,3.8052104926239,3.9931829134032,4.4614198135257,5.0989659157082,4.6213623414487,4.8098850171307,5.1793993677728,5.4571651206837,5.8610229306305,6.1974112442859,6.5029883061517,6.7111861216574,6.2428564273312,6.3194709535635,6.3431757801882,6.5519380572301,6.7020601230934,6.8741785325708,7.8333185092136,7.3354986508881,7.7945386705306,7.9284830540788
SLV,El Salvador,5.3752714752424,5.2455839836086,5.6211307692516,5.6234711775248,5.7570295972916,6.0900518280854,6.389414522299,6.8155495241409,7.1986148837378,6.9744973117811,6.2254955901206,6.1229467667333,5.6362003663326,5.7616265788314,5.6727823049617,6.1115012394825,6.074745632735,6.686179615229,6.7529474086062,6.7830982851816,7.0833984239685,7.9505526496812,8.4869674599426,8.7366603794106,9.4760276713357,9.6607831282315,9.605357148128,10.740427783343,10.65966354619,10.771342586715,10.269868816653,10.842485383824,11.00450004304,11.465208475861,11.875005691281,12.14788291231,12.638640746978,12.890248649688,12.378615393678,12.101255612809,11.758208856525,11.676309562243,11.940837026287,11.129054301633,11.615022663967,12.111366035062,12.069587031222,11.421446502155,11.73976308055,12.766893564814,11.646113185343,12.596883600903,13.602655076959,14.380131566509,14.751634624787
SOM,Somalia,18.580765867229,18.44642000908,18.800155119588,18.635858951441,18.373535250043,19.778041465537,19.752643617224,21.073432041578,22.655139342041,22.696895097803,22.622464281069,23.554052053447,24.208594476779,23.576550734802,23.983755940939,24.758444256688,25.108968782199,26.040976651526,27.059878158694,26.890590803747,25.66638794857,22.863474943513,20.986459166145,22.943896109558,24.76162660935,25.531847066033,26.19214477179,26.780302022165,26.89702953889,27.576355006295,28.301174102461,28.816698206423,29.383876436109,29.920926990319,30.431750840875,31.173033001225,30.303781119296,29.070092869685,29.528293915634,29.896519824373,30.251155878766,30.64352855567,30.924830765919,31.079708916058,31.324035952042,31.447624387755,31.811261073554,32.038411573858,32.579995086912,33.108774907311,33.508353149305,33.384152501169,33.644703872395,34.244724926772,34.416872869166
SPM,Saint Pierre and Miquelon,0.041449244144911,0.041470398583658,0.049567583236232,0.050028859208605,0.045130804254886,0.053726235819512,0.049156023897214,0.05379890331616,0.053800485428719,0.053246481088105,0.052744311090126,0.051810958464642,0.044922177884424,0.048415635425169,0.053337027526263,0.049058274396842,0.061190916571987,0.080571318639259,0.086669232020322,0.10622489844135,0.098400479161841,0.093029643194014,0.087211600182728,0.050995714445273,0.052806845124174,0.034912139214726,0.034669923501588,0.022884827760803,0.029211308861722,0.029500539701502,0.023478293626318,0.023200411312801,0.025817383045289,0.029321189238116,0.028029876262278,0.029334922160331,0.031788638338214,0.033975688513755,0.035459720426907,0.038499300638116,0.042468832365636,0.033946349676942,0.034629901451383,0.039625451315733,0.043518832856521,0.044295959751408,0.047448941007629,0.043805471855592,0.03441097876341,0.041346222908078,0.038788626251842,0.035170097623035,0.035068565502105,0.035109438354039,0.035007766695614
STP,São Tomé and Príncipe,0.034184129358809,0.034149365834287,0.033597064029567,0.034843709284088,0.035650567587596,0.037418149143315,0.039510777829768,0.039968074301611,0.040689732588501,0.043668184952324,0.043458394373059,0.044322943452699,0.043040990133938,0.04561058858415,0.045943008307743,0.046250536466635,0.049628370863473,0.059621776284071,0.057655490794738,0.056085364369668,0.08326071837173,0.098119773401129,0.091061057956794,0.090460164896798,0.10153296031184,0.1047878353028,0.10798634460774,0.10878602567846,0.11114389679656,0.11806455879035,0.11580005256751,0.11570240930838,0.12666584283686,0.13767524756271,0.14804317736638,0.1568071056718,0.16353579171783,0.16669921372943,0.17556703100595,0.18831357793426,0.19842957694514,0.20363514835704,0.21031611769196,0.21370351614215,0.21438881079262,0.22514512937426,0.23326010356198,0.23839717881545,0.24246348244149,0.2517523630001,0.24870050058397,0.251252020066,0.23650622903037,0.24211747499797,0.24546513171181
SUR,Suriname,1.7594444151251,1.7617141414251,1.7241703883246,1.9479630441536,1.8735095203378,1.766640339132,1.8376725382937,1.9987291102535,2.147136692092,2.1503374641711,2.2121556105662,2.0107134177697,2.01040049018,1.8083185090596,1.6767084870878,1.8099484238981,1.8316467264504,1.5380566062308,1.6410372574229,1.8485585451873,2.2134003587275,2.4612577981323,2.5983620632456,2.4764726800302,2.4388425028847,2.4758623508399,2.4855619369365,2.4582607322439,2.4706733542256,2.3953864525189,2.528140301106,2.5482777754101,1.9676536228923,2.1887854881176,2.3325464994033,2.6045166136666,2.4806092388144,2.373080245634,2.458798051008,2.5672651617564,2.8783019374719,3.1134340794864,3.5821716102772,3.4655208870587,3.8348920046971,3.9230765214055,4.1934596896474,3.657389801732,3.3175648666635,3.8786179437235,3.7911438082902,3.9148008035639,3.9563712235632,3.5866743140538,3.6665753428261
SVK,Slovakia,56.313977809052,56.492868516518,57.343598024297,58.609083866318,59.24015381594,60.633534282095,61.492566672982,63.700718965737,70.361497946887,71.600240177631,75.67875480858,73.641642177747,71.90605336919,71.862569028771,74.232346222309,73.786554218408,71.159170333228,72.791136031696,74.188824459518,73.739097209993,73.84474417223,64.277495847891,59.567399489872,57.803015504497,54.850997793751,54.836948362042,55.377710402967,54.677099838495,53.767354662145,52.612863506438,50.482046326,51.058344694255,50.596098920065,51.217226148577,50.948603933369,51.095412440329,51.31735014015,50.245456940346,50.103727634555,45.764592401329,49.101357904735,47.479979096406,45.381398499146,45.841870098727,43.045080057047,43.929643055047,44.801383389554,47.065080302554,46.669738140209,44.01847769767,41.996194589153,46.371881011479,42.524275323404,40.307738950781,39.000776046537
SVN,Slovenia,13.982598664029,14.312130499832,13.91324426015,15.425554395633,16.57660624475,16.647701763598,16.190149233489,17.22643497014,18.127364667878,18.821431744464,19.138351423095,16.771614948195,17.061503946984,19.855706671824,20.103426684665,19.676636190986,19.535114226685,19.110992869482,23.359835373215,22.065378075877,21.074109561799,19.73705304692,18.792187036681,19.345720337733,19.177045253783,20.079036922894,20.735615493322,21.507068646739,21.346366797972,20.72766595168,20.510737165748,22.348171924339,22.994088186323,22.831060825235,23.365594017681,23.507644097504,23.587812278748,23.515283737352,24.134269114167,21.870090971951,22.003910730577,21.023417241134,20.366291707285,20.323951171877,18.678439360419,18.888000880596,19.79198319949,20.098764270451,20.033218799413,19.354622709803,18.023764647531,18.190498644401,17.498217974052,16.677122032559,17.336899254101
SWE,Sweden,114.71101809495,107.67356446715,107.93855731878,109.54376410317,102.71121627989,104.36281090838,111.3762862715,107.38826968087,102.14616417552,105.55469238856,97.969010292338,90.316586983577,84.007084749876,78.340637866495,78.060258033915,81.829769147077,82.754849975237,80.458143859451,78.45656377744,75.832343625019,75.251851599627,75.466199235067,78.256159203372,78.696971613355,81.628627357617,81.027859901136,86.490494226134,80.436798822199,81.380151740048,79.797043978285,76.199451875952,75.742621707097,77.116516060082,77.238209341562,75.685643935714,71.924123422492,72.176631646822,69.762195792954,68.087860457967,63.090359188893,69.186566963749,64.633026712264,61.747978004491,59.711036013559,58.361332930237,58.390869234621,58.01746354036,57.336187511831,54.846823201606,54.920918968931,53.705367033247,55.817687035086,52.830701898466,51.401283651622,52.565801794433
SWZ,Eswatini,1.8589193034513,1.8736360151142,1.9437206393093,2.0044615667093,2.0449029969492,2.1235800233779,2.1938169823084,2.1603564348616,2.5718195415782,2.6253480797272,2.6498868165696,2.6141572416941,2.5852232368809,2.4404433759907,2.4473067800802,2.5939357370377,2.6969517176809,2.6934939208156,2.7325275210263,2.825886615585,3.221718948258,3.2955001211532,3.1473106267229,2.7879228074844,3.544133338508,3.5187611603091,3.3024854677057,3.3697680687261,3.3183870981611,3.5330064092004,3.2550309883852,3.1168648679423,3.142283263143,3.181484409502,3.2144251923983,3.1869875839301,3.1101872359917,3.1882526860801,3.1209058414151,3.0837141703413,2.7881695812538,2.6628620590876,2.6756836354327,2.8858654427732,2.8962956235298,2.8930762875675,2.9364881012433,2.9081180713265,2.9150717557087,3.0110804238343,2.8571328841825,2.9058947006604,3.0491617610153,2.9216943965253,2.9297572535237
SYC,Seychelles,0.13008821836592,0.13378033609367,0.13550312153328,0.14090526701068,0.151745275296,0.15864597787732,0.16457517645264,0.16952063819255,0.17347043715722,0.19617833994889,0.19495476716162,0.15963821641935,0.14200449889703,0.23248580715679,0.23599585509398,0.24591763903216,0.24381724940574,0.3421591015097,0.45040218023024,0.43343118598834,0.31751583214081,0.4348625580689,0.37311330076985,0.37504743175987,0.37426058511568,0.39561065436364,0.40776323402792,0.42784586081771,0.43692211575527,0.45390837009045,0.81845222852866,0.90301898177972,0.82294907141387,0.83002399053281,1.1327959090985,1.0346679916334,1.1228230636844,0.93869668288854,0.99391574798352,1.0956996445759,0.99078476904366,0.85433914686228,0.96293613693421,0.87798704731028,1.0062733574878,1.0695317091279,1.1897281542371,1.2447802610725,1.0934262457646,0.98278715707122,0.92836603955341,0.87965636031746,0.93729558925271,0.93523607240039,0.97643740361626
SYR,Syria,15.601030117854,15.603184016812,15.985639739479,15.277861334073,18.611961853463,23.319193460417,25.540745487098,25.997177621851,27.397789820755,29.911515028479,29.904915096175,32.241093994108,35.185301079804,39.640338387898,42.34537705339,40.119715981949,42.086788285506,50.926232260773,52.908167880842,55.927425581029,63.398979608959,71.842777879956,71.254540019473,75.230669757545,78.217467948718,79.808559820852,82.820934949617,81.582855272356,83.598158258452,82.84961075584,84.953054398605,77.654514662307,73.310648345834,73.74677739112,74.709607878648,86.642449339728,88.434705575365,92.372942447712,92.036939754076,89.245852809696,88.786442218994,84.432370095666,66.592958100007,47.900769116799,47.035512904812,43.71979963578,41.336179099931,46.269566133386,47.801474407297,47.341464685646,46.339380871313,46.286121865507,45.699071780504,46.530654724748,47.16557606493
TCA,Turks and Caicos Islands,0.0045356955381359,0.0046641654760006,0.0054207836959586,0.0055210409696556,0.0051328501490888,0.0059491002186744,0.0055906439168026,0.0060528802089666,0.0060998095361899,0.0061234643518888,0.0061328920231049,0.0061874107404559,0.0060890934379742,0.0061956238398136,0.0068361053373964,0.0070693903904076,0.0074409666875855,0.0079010149395663,0.0085103189023467,0.0088697353028152,0.009219732888952,0.0095240265069255,0.0098761335253263,0.010186116404341,0.010695851277482,0.010996337256101,0.01121052137626,0.011404622497765,0.012281796234297,0.01281190569455,0.025739387824007,0.027053514313315,0.035465033275644,0.032676257964931,0.035933804422275,0.042697499986534,0.051802581384829,0.062000402479022,0.069543985777765,0.076267898038296,0.083972273333362,0.067303072581532,0.069801814727139,0.079272446348373,0.087085253859618,0.091308418127152,0.098340789042257,0.098093475115824,0.20146822603072,0.23228769440517,0.22502936400687,0.22429980509979,0.22948380578068,0.23004119034807,0.23784845807724
TCD,Chad,8.7495156783877,8.8404339599691,9.4318664040084,8.5324846811228,7.0965448119587,7.3778993634592,7.6649327401474,8.3189036058389,8.596109883656,8.8880663726124,9.0982747691415,9.2382920656235,9.7928608421018,9.7714541664214,8.0423112921355,8.1831019589052,8.7597203782158,9.224191810646,9.5387462240455,9.985007458321,11.065694185493,17.949342181351,18.691239485826,19.291946423475,20.307266920342,21.237086089157,22.087384759737,22.836371830012,24.133498671154,25.453217531674,26.570023809808,27.836148467823,29.327871451873,31.456260853575,34.737426764347,36.635132607364,38.301977451941,40.221805876853,41.977976007755,44.053796655023,46.629770873025,48.9602368967,52.080184187492,54.751741593379,57.757862370309,62.764528081948,66.10827980874,69.976169549823,74.114511977222,78.082801693068,82.415826235616,86.141313093366,91.531200650254,96.873253364772,101.17379719021
TGO,Togo,1.9677942612175,1.7676302336383,1.9006096611669,1.8617018519202,1.8630160382033,1.9809736857784,1.9542437855185,2.0777492844108,2.1572204461529,2.2076342438778,2.1005137603427,2.1265174936132,2.3649755710755,2.1619558210414,2.2811935827836,2.335194132881,2.661187446947,2.8034859302643,3.0089472710365,3.0437403851032,3.2488224003443,3.1303319705121,2.8716935848419,2.7992541829412,3.2532453912185,3.2051646099357,3.8931862156112,3.8134231602866,4.2199256551639,4.7181683053849,4.7253512888226,4.7178138559478,4.8942815389668,5.2488069582776,5.2731226747727,5.4547986230707,5.4302296852111,5.4984601590686,5.9842825189979,7.3898023613353,7.2961286208583,7.221279556812,7.5998027423605,7.4793832902045,7.2482940702738,7.2800699049967,8.0745745951736,7.8173233836482,8.2848224271831,8.728604940108,9.3528593299575,9.7450064178607,10.128055090131,10.545133384788,10.84426498811
THA,Thailand,81.617804446492,81.371452675605,82.496902869509,88.437029371484,87.468100197229,92.140363303248,96.988867948631,101.32724488433,108.14059337011,108.82506796269,111.0715960478,113.17691769581,112.83946885714,117.72007575048,122.52955134675,129.22394699481,131.03055546175,139.74903533836,152.18456355258,166.66441190127,183.28212319452,197.67711325698,208.53505998207,223.31660790092,239.18491544462,255.49881183488,275.11594521242,279.4812487779,255.84490533275,265.46085970871,266.58681906878,278.65693187897,291.77899207615,305.22962199177,327.0301371245,338.87219450696,343.89792108755,355.10252176872,356.99055412476,354.29965024226,373.95030959646,373.98369592468,392.5640698053,403.86672511664,395.70634490521,401.38253653418,401.08994442238,406.63680870109,402.11731623537,410.46006129419,403.90953636972,398.69811090178,417.77118043425,410.66283061029,422.38728704425
TJK,Tajikistan,14.226152770557,14.565415801466,15.169935824387,15.767357235188,16.396153781851,17.295791483638,17.672381567874,18.044320588953,18.471551011868,18.917009203165,20.224993561684,20.348497242011,20.158079493222,20.651623878985,20.883930990966,21.591107234514,22.29201592007,22.788430467261,23.019778184485,23.19075739656,21.985158859231,22.581204417092,18.506568199437,14.12438333062,11.582453515106,11.023578478607,9.8766275805702,10.050425426076,10.173552406392,10.025013655088,10.50862402351,9.999226935391,10.857186204057,10.199688615271,12.334394273533,11.808893406205,12.488926862258,13.971814649019,12.789472113731,12.006610793388,11.887497464394,11.854492608854,12.82961618748,13.052522070734,14.517955610017,15.287949689115,16.322312213396,18.055080377643,19.42729917397,20.410574415745,21.126411037543,21.353209211726,21.848950302171,21.673821732673,22.1889706355
TKM,Turkmenistan,28.645340675452,28.904980906526,30.226989359535,31.515873602777,32.926570308386,35.32795091744,36.28758084929,37.530126684152,39.626370556413,40.838900947811,43.083934688737,44.093052230787,45.140998627533,46.343268547995,47.780353176362,48.995132345984,50.594918850047,52.030882092511,53.118639178312,53.566765924599,61.318201632727,55.546304356539,42.670139348365,42.037108782688,47.202980785432,47.047542463898,45.406871249448,42.396889498111,46.527868734645,57.036549549311,59.589735614204,61.201225126927,67.583488289158,77.011753770127,80.871705279429,81.221964253351,85.225550860249,89.799171155744,93.563043994318,81.743983799864,88.856683388153,95.548305610703,99.43910331525,98.419854149282,97.034765036556,102.82381033382,100.91360549923,105.30168082146,107.15990880827,106.3271507725,109.88407093077,128.43486723351,134.77888368106,128.31960361542,114.81218331098
TLS,Timor-Leste,0.60917698835426,0.62685944639296,0.67209116689721,0.68067513862915,0.67641039437407,0.61330176989128,0.54682509222933,0.47463332489625,0.4186840140719,0.34367097524164,0.31072119003756,0.31391396722407,0.33654011892602,0.36064111134089,0.38819340944059,0.41685397479834,0.43260876820828,0.44882121126315,0.45134421625704,0.4879755732584,0.52966737694922,0.60181477615263,0.61000639466172,0.66026111412731,0.74383176935742,0.75355155047855,0.8017211847773,0.79103308631066,0.89409528433327,0.90664740085756,1.0225592176246,1.0805093640559,1.0619182698538,1.0814678132267,1.682526419053,2.0152145597055,2.1607737362364,1.9758187828198,2.1780685057015,2.1721327374555,2.0811302155222,2.2237447490232,2.6146442696843,2.3782916920981,2.16042986354,2.2114554369908,2.0160142916992,1.8953452760857,1.8814235759496,2.1094838304764,1.914057194118,1.8925020203808,1.932907932729,1.8770238971866,1.9401197768467
TON,Tonga,0.067162398706761,0.06708966145236,0.069063245745458,0.079259625066361,0.088302373518932,0.09159848703344,0.098365776666312,0.10815316136688,0.12577200625716,0.12918428576176,0.13435665085426,0.16021223341218,0.15050807867212,0.1348832665913,0.1221869857048,0.13941867225565,0.12341664592356,0.168900852483,0.19180862762948,0.19740586024991,0.19406820482527,0.19952283335904,0.20906177808162,0.20966611899346,0.24853440668057,0.21909129801069,0.23599942538422,0.24652812442439,0.25353545587115,0.255306093883,0.20813959531716,0.20297064777483,0.2136155313233,0.2353184646726,0.22134456977249,0.23106037524465,0.24339644985408,0.22473878518504,0.23478952996764,0.24213164299503,0.23781544165453,0.23149075853157,0.23082645633291,0.23227700175048,0.24559570864365,0.24937015801692,0.25892695720309,0.27155751115839,0.26437141329909,0.28361151443769,0.3079604666918,0.32897146706797,0.28370553828823,0.28424192441385,0.29290421642737
TTO,Trinidad and Tobago,9.0843343923545,9.1161446871944,8.8157434393026,9.232182777661,9.4792944126365,8.9118768048345,10.045202622205,10.951792717414,11.334304695174,11.40705482709,12.244365791992,12.688356723702,13.730070661543,14.0667140147,14.759554800551,15.127208169386,14.872006002087,15.161706803319,15.941510164755,15.960731739872,15.894021701627,16.119525444097,16.376322440195,16.162876747045,17.898549339041,17.319273067863,18.389462217368,18.248458591475,22.017240860446,22.591892239802,23.502162603664,26.294624913158,28.34492858402,32.405748762861,34.546976301408,41.54201560895,45.699209459516,46.509467952548,45.50181075603,44.375298780632,48.074418696382,48.211733169758,44.706039840354,43.909570035654,43.775157491893,43.362139411128,40.049957426838,39.076234175446,39.279167116887,40.068158144149,36.523953821067,35.306543610234,35.189277148688,33.675368740011,33.586578143246
TUN,Tunisia,10.473381012079,10.846651730142,11.569755957347,11.675702370707,12.520778477609,12.965084330069,12.958382938513,14.054253804364,14.756515265114,15.888553204149,17.075928314514,17.528459883765,17.393656816445,19.122232054272,19.844428294781,20.340131952054,20.577115531733,20.893955191415,21.613655833237,22.758267983151,23.218150619426,24.279805242271,25.439806143216,25.995248289589,25.738881342297,26.235435443238,27.237891168976,27.688267615548,29.005106867635,30.553871728657,31.604427662454,32.579958140271,32.326272216074,32.034265267251,33.607421776028,34.823734531635,36.203509767996,37.060718095686,38.341019399884,38.227397720113,40.141590424703,38.317424857456,40.324355562453,40.055253918109,42.013709406213,42.436102195653,41.627445233745,41.840738996697,41.830819867922,41.883680903341,40.355521011783,43.31987702753,42.705448453523,43.602061434389,44.621000753775
TUR,Türkiye,101.57023097897,105.86479352187,114.77246564803,120.54744084633,123.76480679777,130.91072821635,141.06822214996,150.78245599313,150.59638046427,145.39986419703,150.51396259201,153.55237012961,161.84646298747,165.9669376073,172.64354233378,177.0938650907,189.57662698441,202.40679400396,197.89306835313,212.30519659347,226.17776803138,222.42509214145,231.82301721407,238.55190796866,234.66235311653,250.77797695347,267.86962407284,277.91167783341,280.29264577727,278.91131109511,301.8184139993,278.60535446817,289.73731455343,302.70714455503,309.66871597951,320.73023821935,352.19088899541,379.25637007571,378.80854399983,383.40980036596,394.85122395214,418.00671393517,434.13872298567,427.84288246281,451.7437153716,465.34766747609,492.36810102184,535.87723992478,538.89424865381,528.91451266569,543.42886990345,581.98482574219,564.26141976552,564.06213931786,579.5068163266
TWN,Taiwan,52.410392730883,52.434808534876,57.104006870012,61.498367652192,60.74550199413,64.638260714701,74.165766466102,78.322027060271,86.291276171932,90.06499190813,97.003408851585,90.205162703483,94.657996864846,99.096138264582,99.763701900078,99.024707871563,110.73969944384,115.61006372037,132.88170360242,143.18388950652,146.52273977463,157.4320531921,165.47554992981,176.91890832805,186.9349937156,196.86388755368,206.36625879218,221.22799439265,232.46177529612,242.36579757222,259.16494338215,267.33157627462,322.42102268243,333.5155695941,348.35277570571,342.5018074386,332.47432314704,341.67219305766,324.80059020236,306.56814380894,313.73755013008,320.33784437462,314.58899966266,319.76641568342,324.67291254003,323.55902946413,327.0763431607,332.65062621671,328.54487896586,318.57234829518,317.03714678416,328.01532467443,318.56015234013,310.44051821254,309.61165394265
TZA,Tanzania,19.033997353444,19.23122108715,19.75850911533,20.050687910394,20.271937803413,20.625006897489,21.399907919793,21.933315480905,22.586432359874,23.231367430166,23.618368014364,24.354848928647,26.443259149022,28.090049096703,26.417486736177,27.109087917107,28.087631414205,28.757481342548,29.248054725349,28.326657659658,29.197350723485,29.078926913255,30.057907171189,31.587592130354,31.226627121521,35.075793752104,33.460885030503,32.870752149163,34.444936467314,38.106545836617,39.196781054338,40.035878003587,41.273647906793,43.049136156709,44.614640927244,46.440984144211,48.004402767261,48.008550033271,49.440029180652,50.125574233872,52.924342814063,57.727896140631,61.13525165896,65.165516659252,66.83646002838,70.41584585525,72.557370995882,73.160761638746,74.277012531663,79.442472147818,81.879657570976,85.328244484359,89.522934303618,99.484975000449,102.52500651273
UGA,Uganda,11.202037023832,11.269843654859,11.61983059305,11.852326048951,12.144732111373,12.409979767274,12.972258099557,12.936107683221,13.490290447368,13.657651847128,13.060258001839,13.044199815123,13.328058613596,13.539482511978,13.898230262902,14.216931413614,14.701767279471,12.892330699888,13.649028659956,14.151877814948,15.294444557278,15.920565204246,16.296021761211,16.720625427116,16.456388305827,17.057305804951,17.482098731825,17.959037750042,18.638344397236,19.166391867842,19.633917305755,20.204426433725,21.055603670498,21.940449560429,22.509997715218,23.687872603761,24.488129426334,25.817452210243,33.381821372624,34.725611845722,35.832401208548,37.381057066678,38.624703475325,39.655313440948,41.383711278869,43.428425866074,45.398792045674,45.964659244576,48.07430573641,49.980419360983,50.91807767192,53.560191471655,54.269573764408,56.602816822457,57.298152268275
UKR,Ukraine,612.81368059664,616.77779322302,647.39675625431,682.57649303461,711.49665311267,741.56206682724,763.41313161541,776.85062731611,821.43642824401,836.69686174526,857.83756184376,847.11650144826,846.41884893098,849.58960671304,855.13598851287,857.90598302054,875.44489357359,899.59573993468,905.3615357786,902.37872041121,977.9458116953,918.80294385611,818.62250194537,725.07411185339,613.50347251232,597.36909457591,518.07606049676,496.07939161536,469.7715956867,468.32913930373,462.11092800913,460.265503121,463.15764841687,495.65790704567,468.9642603725,456.23518394363,455.73434975784,471.21759045388,455.99248999514,389.79411554159,414.19987045953,441.13450410085,431.65277176973,423.15490945062,372.05925081533,316.85929513759,322.8815300173,297.82488201818,311.19258704811,301.63754722443,292.72726136996,285.0364430315,199.76947639321,201.61230024945,196.96400554191
URY,Uruguay,28.568633165559,28.229731242361,29.133528825789,29.911815164476,30.987411282729,32.946805778824,31.356942419888,30.99087747142,31.354568491082,33.010609530194,35.05868283911,35.295962856285,34.463118573953,30.194783604626,28.485845590557,29.022449300763,29.213449616475,31.04325637572,33.138401857253,31.76866897284,28.901395040763,30.699426863523,32.545884651883,33.281021078759,33.442126703462,33.792980325584,35.240748119207,34.971959163366,34.510846197574,35.653490938275,33.828876436145,33.479990117115,34.179687004724,35.132908141226,37.148849021478,37.303043071841,39.334068921025,38.502039555271,42.110139948509,41.493451807241,38.463701072647,39.678071104491,40.266970326256,39.073098200162,39.229112449497,39.672967590896,39.87998532913,39.014349300542,38.661447648764,39.238148541415,38.604940144212,42.271809585648,41.11042764077,42.927177934819,44.627145531682
USA,United States,5788.211445323,5661.1297681304,5930.4813254508,6128.5708260655,5948.9742482629,5730.1664827801,6043.950500396,6199.7839023629,6193.9773655608,6259.7557668215,6027.2337848815,5949.3772731629,5681.1131764595,5651.2481989768,5882.1851756446,5892.8163836881,5846.3343311807,6007.3421027435,6238.145083501,6296.0128334103,6216.3265001337,6161.4165637815,6258.6454616501,6380.356915649,6490.8881518414,6558.6971949496,6728.0764627626,7010.4521614894,7055.1206416733,7060.169618867,7219.8245266726,7157.7928391183,6992.3985811199,7058.6436863279,7157.7987293856,7160.6390468343,7041.3086154519,7129.181816994,6941.7304889558,6487.7010143225,6754.1863885023,6546.8700055415,6311.6934513556,6448.6367475897,6488.4767561046,6364.0037224415,6237.7379601405,6183.6444640605,6370.4475659533,6248.2428848461,5703.9154192536,6000.5067145446,6074.2361549158,5890.9864277975,5912.6177240236
UZB,Uzbekistan,78.592105584359,79.791934906817,83.633960735251,87.655732580535,92.283131551593,99.808633117856,101.2231719515,104.61942086272,109.33481105151,112.6856283883,119.67864046283,122.97583993719,126.55870115993,130.72995545119,135.12660802716,139.38396998811,144.40869693353,149.28315989167,151.7595392179,152.72749341435,163.18132219465,162.50730159578,152.70716105202,153.37804478412,150.3778523996,142.19608410241,146.62375496892,145.0869673663,160.96569466681,159.51042912361,169.40504937307,175.01424817489,185.78778187766,174.13707407954,176.14120574206,177.25225657064,189.40995935647,183.60085907897,195.14118069026,176.54807338944,192.44408244687,198.3916122615,187.06149906342,186.46860019487,178.11406747351,173.18532580534,182.96665227874,188.05239983729,185.51816310193,189.63607707028,198.23833566075,210.47886876332,206.85465876135,211.3656942826,227.48836597705
VCT,Saint Vincent and the Grenadines,0.046465656528266,0.047564349562536,0.050375802035162,0.051946127186673,0.051209412164344,0.054433355903172,0.053855345942597,0.056269432007509,0.057115330542739,0.058038639414294,0.05880383127575,0.059733408164994,0.059961786829741,0.061044526479128,0.065274055242255,0.065807314126008,0.063721645539913,0.06098855739241,0.068332379305389,0.077536858064217,0.078478996590937,0.075986785134062,0.082408485924157,0.076255605322683,0.10018908539166,0.10528227302426,0.099430971642786,0.11022930735114,0.11759012499952,0.11846381672429,0.09236459861035,0.098925587999478,0.10591694782307,0.1096063225748,0.11439500181445,0.11683705174316,0.12436863248532,0.13059924275831,0.13436840455389,0.17899943799582,0.15153533598806,0.1249753257228,0.1428065165317,0.13564893847884,0.14531085051658,0.14762491477361,0.15340321190487,0.16130377525668,0.16218840291425,0.16883448607133,0.17601624905273,0.16935967754283,0.18004950842622,0.18070366581762,0.18523612141905
VEN,Venezuela,106.79515984001,106.14777889951,105.98043396302,116.06792419435,113.29330467689,106.49982382413,110.18178293022,113.35933675516,119.32595202755,132.07971424463,140.56599312304,141.45957687579,142.85889655566,140.67218548376,145.71206538583,143.89584843436,146.56759998476,152.651482441,151.16314200085,158.24243884695,163.7310316839,168.86381102801,169.85820125466,174.29945893526,188.2661825169,191.07115635997,207.18452908101,212.13226722233,217.31850754309,213.08172165935,222.84678939438,229.0593016287,230.27065558602,225.32101432961,235.96599885497,244.9699320081,247.85925265015,246.78920378327,258.04860213967,256.0193827142,260.96711984591,258.04897084406,284.5547772545,283.65620078494,281.46804076602,262.94895229995,246.14185914792,231.08141662598,210.63567007142,189.50281735305,141.50348367823,141.32641671664,160.26066809119,165.31150374865,167.31843037995
VGB,British Virgin Islands,0.015787922193737,0.016325157316808,0.0180913981998,0.018366498293045,0.017909705099712,0.019699085688567,0.019255159414664,0.020269477417998,0.020098336198846,0.020092085003441,0.020447788174372,0.025122606928004,0.024021494403902,0.023812885238292,0.020548943227476,0.020427612276457,0.016432169555867,0.02715809483512,0.028668835943218,0.029234437608789,0.029068139404493,0.029330566801245,0.029508348291267,0.02908937625411,0.029585958603887,0.029384695359957,0.034972543907351,0.035760352559822,0.036481040946023,0.036880251233268,0.039790270829504,0.040023574199348,0.043469633012675,0.047065235768304,0.048183825599343,0.050154781000737,0.057968172746606,0.06194500694971,0.068434868061069,0.077217367616759,0.084498492412033,0.069472129110273,0.071393497468673,0.079978542164812,0.084912492272086,0.086599395284719,0.092303465730877,0.082066237058719,0.081414982065609,0.10293718704032,0.1002817834891,0.10040000308437,0.10462310135875,0.10500230045284,0.10829512682119
VNM,Viet Nam,62.681676218055,63.092083319264,62.960322441873,66.856425636273,64.75482287276,66.22257970159,64.477414797905,66.276055346948,65.091732039726,67.376275804276,68.709687417927,71.613788750338,76.524244076308,79.344931918177,80.51324966944,82.302545706861,85.62036051384,87.580731708097,90.781229944125,90.417005039972,91.895180516248,96.046144367742,100.51932504713,107.6962501562,115.2482512821,123.79547182782,132.299396537,139.37209082316,149.67133833066,156.12792106858,163.64243033624,168.13075425863,182.8944836504,191.03922857501,213.41539352208,225.20493603289,231.43666427557,245.1668134278,256.19882965482,275.68429743224,292.74041444963,295.64140144123,295.46043066396,304.03801192923,320.08947278183,343.62626688589,364.37846545909,370.39054201213,427.73994572407,484.71004233454,492.95508878219,486.77943496699,494.47437524804,542.92347455966,584.25762297743
VUT,Vanuatu,0.29153517712148,0.31309177949686,0.32083103491736,0.36278941016367,0.39771600267821,0.38967409390576,0.4006086736084,0.39586012804667,0.38563848154306,0.38590197424722,0.39220774157461,0.37530772056264,0.38053747899053,0.38661373262449,0.37734254417729,0.41180885339252,0.40054046709508,0.41208076989099,0.44273593786505,0.43699533717258,0.46956280104421,0.47546638962907,0.45599596512991,0.48111140810758,0.48783857710087,0.4845592748618,0.49036956475427,0.49624182804008,0.50241836936718,0.51324987655101,0.52377197290464,0.51392833047838,0.51338724253027,0.54457405160473,0.52647531200492,0.5350819220472,0.53463852047307,0.66221239817374,0.66517090637808,0.6475748954314,0.67076647466341,0.70522464225899,0.67432785249983,0.67831265382799,0.70485774744635,0.63536547214449,0.56113568226488,0.52886623150438,0.59500447129693,0.58731794401044,0.62265525831704,0.66577506999144,0.64761368943735,0.62263026183974,0.63205272100592
WSM,Samoa,0.15758716110816,0.15780561256066,0.16265244952935,0.17786502552061,0.20148845503324,0.18891895404458,0.1898777172614,0.19504748431437,0.1968288813698,0.20668706061556,0.21773663925597,0.22128803375473,0.23969514687348,0.24037359829144,0.25788208260499,0.25230241960832,0.23956560511442,0.26419823665725,0.26542267479947,0.28766250347494,0.29441569805283,0.29864414984821,0.29145527586748,0.31197449342736,0.31833036621285,0.30117838445793,0.3028237841638,0.30726240705405,0.31371135892452,0.31391550711899,0.36078576641003,0.38935463090183,0.39683419259237,0.40594942095488,0.40434059410901,0.41191437001749,0.41279189762606,0.42544877232542,0.4291095859613,0.43957875552483,0.46876046061792,0.48133088801851,0.48658328010094,0.50131494962748,0.51000842863202,0.56582489773963,0.57209047484847,0.52258522060581,0.53373978907206,0.5405521423537,0.46663958331435,0.52858811175943,0.5115598408111,0.50795917422605,0.52164779979124
YEM,Yemen,5.3979403216716,5.694725791926,5.9555562461298,6.2602396159982,6.4838563299653,6.5021080129097,6.8168412931499,6.9385173571394,7.273236579916,7.5512357078441,8.5161746983172,8.6394848138835,9.2236837872119,9.7918626809987,10.009859751669,10.470362438989,11.091877834532,11.998348743595,15.787678110201,16.585734465827,17.507109322279,19.377945097506,19.945901430705,20.006554819043,22.593986792086,23.187427608891,24.070225375219,25.735953887716,26.702536486634,29.591059540269,32.433292475644,33.409807914473,33.739102417061,38.946305314198,39.921691456615,44.197397526718,48.728334991531,50.956930927988,50.253029420743,53.511103463726,53.020240545527,47.410225490711,44.506902128024,52.941210452189,51.661282202231,31.475371871207,27.208253794057,28.29203060665,31.816446442053,33.705398483042,33.051043834226,33.603292293099,33.562910785366,32.365880743118,32.902757150808
ZAF,South Africa,241.15176158759,240.65738289677,247.95739643137,267.03923599485,276.11848314931,294.32194023268,310.34425631587,312.57877230165,292.17942362119,302.03104572642,317.6927418703,334.21932561049,343.35568768946,346.73139067419,367.78714279326,373.26882338591,371.32791991013,388.39796356189,394.1299377402,392.91511442023,407.09310742207,399.47872286045,393.46992900142,397.68795302699,404.46298138933,423.26435876323,437.45844773924,456.82189193316,464.12943618853,446.83718028348,449.68127648261,461.08605885154,475.91070520042,502.8079804007,537.00157678595,549.40256057746,553.5642191437,575.59944310494,604.93797972966,573.05246483769,581.50665009309,561.31659269451,582.71166931027,597.176312198,610.89302245593,584.94993716962,582.20418191814,599.07159712591,600.39290237711,604.70192096562,576.99902148253,575.42920605833,556.07994103405,555.4452876161,569.80960950652
ZMB,Zambia,10.080342851144,10.336433651184,10.917495866703,11.377298463528,11.594183826611,11.884873346364,12.313368486247,12.059703168512,11.876726729171,11.678516052427,11.73716165905,11.709173634842,14.493458482822,14.443223238061,13.080519779076,14.579840027834,15.18509840359,14.641110019581,14.922709344504,15.800568253047,15.864135190654,14.815694397571,15.380989442333,14.924500267982,14.382822354391,14.020219599048,13.659531692339,13.272473944786,14.850214195017,14.532719195238,14.009993641603,15.178592786469,14.456214215236,15.011101322984,15.273185438458,16.293509767048,16.294637093277,15.76817826618,16.70262452179,18.262530933163,19.940939233059,19.778905415259,23.269153113668,24.553695829287,25.548037791706,26.210874570434,27.061094815467,29.284646693783,30.964710217615,32.391217215242,33.012913839822,34.149269234358,37.109063724268,37.492002607558,38.519002327815
ZWE,Zimbabwe,21.721105527346,22.315693730475,21.957953063537,23.568292006374,23.654305356322,22.965762511363,24.095016900845,23.302582883964,22.279352005627,21.655308026599,21.935751602921,21.856155552586,22.256224032951,22.13904531569,22.706976483054,24.865086923107,27.160922304998,31.12710190394,30.80800116481,31.195394210007,34.44416200549,34.336939818619,35.259165299369,30.776872138951,29.87513322389,29.75366926764,31.258613855727,30.190869189323,31.100080121642,34.40466904642,31.243551021075,31.405986000587,28.688619027616,25.436690638211,24.607813816175,25.897753767114,24.815709636112,24.839835483427,22.233171862533,22.813898937616,25.989584028972,32.486988558357,29.533546082587,29.659601373737,27.409792730326,28.469445122311,26.592808877788,26.051406086188,28.031080455832,26.469485062139,24.793786060678,27.149709492206,28.025626825529,30.124984826137,30.784272445925
,,,,,,,,,,,,,,,,,,,,,,,,,,,,,,,,,,,,,,,,,,,,,,,,,,,,,,,,
EU27,EU27,4571.8962845156,4595.0609789029,4746.069322123,4964.9437272372,4925.7555600683,4839.4122936284,5103.7985842273,5093.3490763839,5263.4061881574,5421.8396552758,5333.4922713801,5128.3571672296,5044.0288986556,5023.4867574775,5062.1968450291,5066.2415078782,5065.0573602749,5100.572814735,5082.2249683615,5070.8464108018,4864.277232281,4783.0809504642,4607.8550304382,4520.5485749167,4506.6141674266,4557.6539116629,4666.628953511,4582.938136352,4534.4280265683,4454.0451018542,4468.6582488051,4500.9492400828,4484.565749249,4578.940754955,4585.1651013053,4552.2243946851,4550.1063180102,4518.749216941,4409.4267948419,4118.7673789891,4235.0787549045,4127.2786919669,4063.456432769,3973.9871439881,3831.0179262745,3885.9443551883,3894.3909481539,3915.2257892049,3834.9115469894,3683.7541399763,3395.6038279731,3572.3656090663,3483.1060412387,3222.5190164785,3164.6646501606
,,,,,,,,,,,,,,,,,,,,,,,,,,,,,,,,,,,,,,,,,,,,,,,,,,,,,,,,
GLOBAL TOTAL,GLOBAL TOTAL,23228.506264144,23262.161477333,24200.867463974,25423.897138325,25424.679820613,25445.008530766,26585.873374706,27272.383081009,27997.100227568,28713.071569548,28439.689463453,27937.885010194,27775.597673728,28027.897097014,28823.531704294,29138.665368561,29635.808788082,30395.987733477,31352.639359195,31920.673697577,32249.866915951,32322.913657496,32283.661302712,32363.428422874,32721.435459621,33546.502835837,34183.677838211,34587.073305376,34692.80850079,34923.598002336,35793.980384717,36099.483795785,36555.718923811,38064.796728653,39626.760851867,40919.624603104,42078.825888044,43350.586881897,43642.407234328,43188.41693082,45433.102837788,46808.098605241,47430.072884895,48193.437523686,48549.137332215,48451.420672913,48655.806379257,49478.56006411,50566.421973899,50829.629009719,48962.126893051,51187.953401185,51748.121503622,52540.765868581,53206.40126586
